Id_Classificacao,Id_Piloto,Ano_Jogo,Temporada,Pos_Prova1,Pos_Prova2,Pos_Prova3,Pos_Prova4,Pos_Prova5,Pos_Prova6,Pos_Prova7,Pos_Prova8,Pos_Prova9,Pos_Prova10,Pos_Prova11,Pos_Prova12,Pos_Prova13,Pos_Prova14,Pos_Prova15,Pos_Prova16,Pos_Prova17,Pos_Prova18,Pos_Prova19,Pos_Prova20,Total_Pontos,Pos_Prova21,Pos_Prova22,Pos_Prova23,Pos_Prova24,Pos_Prova25,Tipo_Carreira
482,43,2019,10,10,17,13,13,8,3,7,13,10,2,0,4,8,7,0,20,5,4,3,3,,3,,,,,"Piloto"
483,44,2019,10,6,5,8,9,15,13,8,12,6,14,9,7,5,4,3,6,6,13,12,16,,8,,,,,"Piloto"
484,45,2019,10,13,10,0,12,14,5,12,14,3,13,15,8,16,18,11,12,15,16,11,13,,19,,,,,"Piloto"
485,46,2019,10,7,14,17,8,3,2,9,5,12,0,16,14,9,8,5,14,7,12,15,5,,10,,,,,"Piloto"
486,47,2019,10,0,9,6,7,6,12,0,8,9,10,6,9,10,11,2,11,3,8,8,6,,1,,,,,"Piloto"
487,48,2019,10,16,7,12,16,13,8,11,10,7,8,0,6,12,12,12,13,17,14,14,11,,5,,,,,"Piloto"
488,49,2019,10,12,11,9,15,18,4,15,15,16,18,17,11,17,17,17,17,0,15,18,0,,17,,,,,"Piloto"
489,50,2019,10,3,4,3,4,10,17,6,9,8,5,10,0,14,9,10,2,1,6,2,2,,7,,,,,"Piloto"
490,51,2019,10,0,0,0,0,0,0,0,0,0,0,0,0,18,15,18,16,13,0,19,15,,13,,,,,"Piloto"
491,52,2019,10,2,8,2,1,17,7,2,4,4,3,2,3,2,5,0,3,2,3,7,8,,4,,,,,"Piloto"
492,53,2019,10,14,3,0,3,7,0,4,3,2,12,4,10,4,3,8,5,4,2,13,4,,6,,,,,"Piloto"
493,54,2019,10,9,16,10,10,16,9,10,18,17,17,12,17,11,14,15,15,14,11,10,19,,18,,,,,"Piloto"
494,55,2019,10,17,19,14,17,0,14,17,17,18,15,14,16,0,13,14,18,18,17,17,14,,16,,,,,"Piloto"
495,56,2019,10,18,18,16,19,19,18,0,0,11,6,13,0,0,0,0,0,0,0,0,0,,0,,,,,"Piloto"
496,57,2019,10,19,0,18,20,12,15,18,16,19,16,18,15,19,16,16,19,16,18,9,0,,15,,,,,"Piloto"
497,58,2019,10,11,13,7,14,11,10,14,7,14,7,8,2,13,10,9,10,8,5,5,9,,2,,,,,"Piloto"
498,59,2019,10,15,15,15,18,9,11,16,11,5,1,7,5,6,0,6,7,9,0,4,12,,11,,,,,"Piloto"
499,60,2019,10,5,12,5,6,4,19,13,6,13,11,11,13,15,19,4,9,12,7,0,17,,14,,,,,"Piloto"
500,61,2019,10,0,0,0,0,0,0,0,0,0,0,0,0,0,0,0,0,0,0,0,0,,0,,,,,"Piloto"
501,62,2019,10,0,0,0,0,0,0,0,0,0,0,0,0,0,0,0,0,0,0,0,0,,0,,,,,"Piloto"
502,63,2019,10,1,1,1,2,2,1,1,1,1,0,1,0,1,1,1,1,0,1,1,1,,0,,,,,"Piloto"
503,64,2019,10,4,6,11,5,5,16,5,2,15,9,3,1,7,2,13,4,11,9,16,10,,9,,,,,"Piloto"
504,65,2019,10,8,2,4,11,1,6,3,0,0,4,5,12,3,6,7,8,10,10,6,7,,12,,,,,"Piloto"
505,71,2020,1,1,2,2,3,1,1,5,2,2,13,0,1,1,4,2,11,0,2,6,1,,2,2,,,,"Piloto"
506,72,2020,1,2,1,1,1,7,2,1,1,3,2,1,3,6,1,3,4,1,5,1,2,,1,4,,,,"Piloto"
507,73,2020,1,3,3,0,2,4,7,0,19,6,4,0,4,9,2,4,10,4,1,8,5,,3,3,,,,"Piloto"
508,74,2020,1,6,4,3,5,2,4,4,0,1,1,3,2,3,3,1,3,3,3,2,3,,5,1,,,,"Piloto"
509,75,2020,1,4,5,4,4,3,3,2,8,5,3,6,5,0,5,6,0,5,4,15,4,,4,14,,,,"Piloto"
510,76,2020,1,0,9,12,7,5,5,3,3,10,7,2,6,2,0,9,18,2,7,0,12,,9,6,,,,"Piloto"
511,77,2020,1,8,8,8,6,9,9,6,4,4,6,5,9,14,6,17,13,6,6,5,8,,8,9,,,,"Piloto"
512,78,2020,1,10,0,7,11,19,10,11,6,7,0,9,14,4,17,12,14,14,9,3,9,,17,7,,,,"Piloto"
513,79,2020,1,0,7,5,8,6,8,8,7,9,5,4,15,15,10,11,6,11,12,7,11,,0,10,,,,"Piloto"
514,80,2020,1,9,16,6,10,8,11,10,5,14,9,14,13,17,9,15,1,13,14,4,10,,14,16,,,,"Piloto"
515,81,2020,1,5,10,9,12,10,6,9,13,12,11,12,7,10,8,5,17,7,11,12,7,,12,5,,,,"Piloto"
1,1,2017,1,3,3,1,0,20,2,3,0,2,2,2,3,4,15,0,1,3,6,4,1,,,,,,,"Piloto"
516,82,2020,1,7,12,10,0,12,20,13,14,0,15,8,8,16,13,8,8,9,13,9,14,,15,11,,,,"Piloto"
517,83,2020,1,13,6,14,14,13,12,12,16,0,18,7,11,8,7,7,2,8,10,0,13,,6,12,,,,"Piloto"
518,84,2020,1,15,13,11,9,15,14,14,12,13,10,13,10,20,14,10,9,0,8,11,15,,7,8,,,,"Piloto"
519,85,2020,1,16,19,15,15,17,17,19,15,15,17,10,16,18,18,20,7,15,17,17,17,,16,18,,,,"Piloto"
520,86,2020,1,17,15,18,16,14,16,16,17,17,14,18,17,12,16,18,15,16,18,16,16,,19,19,,,,"Piloto"
521,87,2020,1,11,14,0,0,16,15,17,9,16,16,11,12,7,11,13,16,12,15,14,0,,11,17,,,,"Piloto"
522,88,2020,1,12,11,13,17,18,18,15,11,11,12,15,0,13,12,16,19,17,16,13,18,,13,13,,,,"Piloto"
523,89,2020,1,0,0,0,0,0,0,0,0,0,0,0,0,0,0,0,0,0,0,0,0,,0,0,,,,"Piloto"
524,90,2020,1,18,18,17,18,0,19,18,18,18,19,16,18,11,19,19,12,18,19,18,19,,18,15,,,,"Piloto"
525,91,2020,1,14,17,16,13,11,13,7,10,8,8,17,19,5,15,14,5,10,0,10,6,,10,0,,,,"Piloto"
526,71,2020,2,1,1,2,1,10,1,0,5,2,6,6,1,9,2,9,7,2,1,3,0,,4,0,,,,"Piloto"
527,72,2020,2,2,10,8,0,3,3,1,2,3,5,1,4,8,5,3,17,1,11,4,11,,3,4,,,,"Piloto"
528,73,2020,2,15,9,6,10,5,9,4,10,4,7,4,3,10,4,10,9,5,4,8,6,,8,6,,,,"Piloto"
529,74,2020,2,5,5,17,6,2,8,3,1,7,15,2,2,3,1,1,14,4,3,1,0,,1,5,,,,"Piloto"
530,75,2020,2,7,11,4,13,1,11,5,19,10,10,8,5,1,12,14,4,8,5,11,4,,11,10,,,,"Piloto"
531,76,2020,2,9,16,7,8,9,12,12,14,11,1,10,10,14,7,11,3,9,8,10,5,,14,1,,,,"Piloto"
532,77,2020,2,10,2,0,9,11,6,6,4,13,2,7,12,0,9,15,13,16,9,15,7,,12,13,,,,"Piloto"
533,78,2020,2,4,0,3,5,8,4,10,6,5,14,13,13,7,11,12,12,15,7,9,13,,10,8,,,,"Piloto"
534,79,2020,2,6,14,0,3,7,17,9,8,8,8,9,7,4,0,7,10,6,2,6,9,,5,12,,,,"Piloto"
535,80,2020,2,0,6,13,4,16,18,7,3,14,11,15,8,13,3,4,16,11,15,14,8,,0,0,,,,"Piloto"
536,81,2020,2,8,3,9,7,6,10,14,15,16,9,11,15,0,13,8,8,12,10,7,14,,2,3,,,,"Piloto"
537,82,2020,2,12,8,12,14,12,5,15,13,12,4,16,11,5,8,13,15,13,12,5,12,,9,7,,,,"Piloto"
538,83,2020,2,13,12,11,15,13,16,13,11,9,12,14,9,6,10,0,2,14,16,17,3,,13,9,,,,"Piloto"
539,84,2020,2,11,13,5,12,14,7,8,12,6,0,5,6,11,0,6,11,7,13,12,2,,7,2,,,,"Piloto"
540,85,2020,2,0,15,15,18,17,15,19,18,19,17,17,16,17,18,16,6,18,17,18,16,,0,16,,,,"Piloto"
541,86,2020,2,14,0,16,19,19,19,17,16,18,16,0,17,18,16,18,0,17,19,19,17,,16,17,,,,"Piloto"
542,87,2020,2,0,0,0,0,0,0,0,0,0,0,0,0,0,0,0,0,0,0,0,0,,0,0,,,,"Piloto"
481,21,2017,5,,,,,,,,,,,,,,,,,,,,,,,,,,,"Piloto"
543,88,2020,2,18,7,10,11,0,14,16,7,17,13,12,14,15,14,5,5,10,14,13,10,,15,11,,,,"Piloto"
544,89,2020,2,0,0,0,0,0,0,0,0,0,0,0,0,0,0,0,0,0,0,0,0,,0,0,,,,"Piloto"
545,90,2020,2,16,17,0,16,15,0,18,17,15,18,19,18,12,15,17,18,20,18,16,15,,17,14,,,,"Piloto"
546,91,2020,2,3,4,1,2,4,2,2,9,1,3,3,0,2,6,2,1,3,6,2,1,,6,0,,,,"Piloto"
547,92,2020,2,17,18,14,17,18,13,11,20,20,19,18,19,16,17,19,19,19,20,20,18,,18,15,,,,"Piloto"
548,71,2020,3,0,0,0,0,0,0,0,0,0,0,0,18,13,0,18,11,14,15,15,13,,0,15,,,,"Piloto"
549,72,2020,3,11,10,10,2,10,6,8,9,2,4,3,7,8,3,9,3,2,2,5,1,,7,2,,,,"Piloto"
550,73,2020,3,0,0,0,0,0,0,0,0,0,0,0,0,0,0,0,0,0,0,0,0,,0,0,,,,"Piloto"
551,74,2020,3,0,8,1,0,3,13,7,2,7,7,6,6,3,7,5,0,3,9,8,7,,9,3,,,,"Piloto"
552,75,2020,3,4,11,9,3,1,2,3,14,3,1,2,5,7,4,4,9,1,1,4,4,,12,1,,,,"Piloto"
553,76,2020,3,2,13,4,1,2,1,2,0,8,2,7,2,2,2,8,6,4,3,9,3,,2,9,,,,"Piloto"
554,77,2020,3,10,14,0,6,11,8,15,7,11,8,8,11,0,12,14,13,13,16,13,14,,17,16,,,,"Piloto"
555,78,2020,3,9,6,14,7,14,15,11,13,5,16,11,12,9,13,11,8,10,11,12,8,,11,10,,,,"Piloto"
556,79,2020,3,3,3,3,4,5,11,4,11,4,5,4,1,19,6,2,4,0,6,7,6,,8,6,,,,"Piloto"
557,80,2020,3,8,7,8,13,12,9,10,3,10,17,12,3,5,5,1,5,5,4,6,9,,3,5,,,,"Piloto"
558,81,2020,3,12,12,12,15,8,0,12,5,20,9,14,9,10,10,7,0,6,5,14,5,,10,4,,,,"Piloto"
559,82,2020,3,7,0,6,11,7,19,9,4,9,3,10,4,11,8,6,12,8,7,3,10,,4,7,,,,"Piloto"
560,83,2020,3,5,1,13,12,13,3,6,6,14,14,13,13,12,9,12,7,11,12,17,11,,6,13,,,,"Piloto"
561,84,2020,3,6,9,5,14,6,14,5,8,6,12,5,10,16,16,13,17,7,10,10,0,,19,12,,,,"Piloto"
562,85,2020,3,13,17,15,8,15,12,18,17,18,19,18,16,17,18,19,16,17,17,18,16,,16,18,,,,"Piloto"
563,86,2020,3,0,5,7,9,17,7,13,10,15,11,16,0,4,14,17,18,18,13,11,12,,15,11,,,,"Piloto"
564,87,2020,3,0,0,0,0,0,0,0,0,0,0,0,0,0,0,0,0,0,0,0,0,,0,0,,,,"Piloto"
565,88,2020,3,14,15,11,0,19,10,17,12,16,13,0,14,15,15,15,14,15,18,16,17,,13,17,,,,"Piloto"
566,89,2020,3,0,0,0,0,0,0,0,0,0,0,0,0,0,0,0,0,0,0,0,0,,0,0,,,,"Piloto"
567,90,2020,3,0,16,18,17,16,18,19,19,13,15,17,15,14,17,16,15,12,14,0,15,,14,14,,,,"Piloto"
568,91,2020,3,1,2,2,5,4,5,1,1,1,6,1,0,1,1,3,1,0,0,1,2,,1,0,,,,"Piloto"
569,92,2020,3,15,18,17,16,18,17,16,16,17,18,15,8,6,11,10,2,9,8,2,0,,5,8,,,,"Piloto"
480,20,2017,5,,,,,,,,,,,,,,,,,,,,,,,,,,,"Piloto"
570,93,2020,3,17,19,19,18,20,16,20,18,19,20,19,17,18,19,20,10,16,19,19,18,,18,19,,,,"Piloto"
571,94,2020,3,16,4,16,10,9,4,14,15,12,10,9,0,0,0,0,0,0,0,0,0,,0,0,,,,"Piloto"
572,71,2020,4,0,19,18,18,19,19,0,17,15,19,16,18,17,18,17,18,18,18,16,16,,17,17,,,,"Piloto"
573,72,2020,4,8,3,5,5,5,6,4,3,2,2,2,5,3,5,0,12,4,3,13,4,,11,2,,,,"Piloto"
574,73,2020,4,0,0,0,0,0,0,0,0,0,0,0,0,0,0,0,0,0,0,0,0,,0,0,,,,"Piloto"
575,74,2020,4,4,9,7,9,6,4,17,8,11,8,0,10,10,10,9,8,8,5,7,0,,10,7,,,,"Piloto"
576,75,2020,4,5,4,1,3,1,1,2,6,3,3,6,1,4,2,4,1,7,2,2,5,,3,3,,,,"Piloto"
577,76,2020,4,1,7,2,2,2,0,3,4,5,1,3,2,1,6,6,14,5,4,4,7,,9,4,,,,"Piloto"
578,77,2020,4,10,8,13,13,12,12,12,11,13,14,19,14,6,14,12,5,15,13,8,11,,13,12,,,,"Piloto"
579,78,2020,4,13,10,10,12,8,14,8,5,8,9,7,11,11,11,10,6,14,11,15,12,,16,11,,,,"Piloto"
580,79,2020,4,7,0,0,10,10,8,6,0,4,10,10,7,9,8,0,3,12,6,5,6,,6,6,,,,"Piloto"
581,80,2020,4,12,13,9,11,13,9,14,0,10,7,8,6,0,4,5,16,6,14,10,0,,12,5,,,,"Piloto"
582,81,2020,4,9,6,8,6,11,7,9,7,7,0,13,9,13,0,7,11,10,8,6,8,,7,13,,,,"Piloto"
583,82,2020,4,6,14,6,8,9,11,7,10,9,11,11,8,0,9,8,17,11,9,12,10,,5,10,,,,"Piloto"
584,83,2020,4,3,1,4,4,4,5,11,9,12,6,5,3,5,1,3,2,1,7,9,3,,2,8,,,,"Piloto"
585,84,2020,4,0,2,3,1,3,2,5,2,6,5,4,4,8,3,2,7,2,1,1,2,,1,1,,,,"Piloto"
586,85,2020,4,15,15,14,15,16,15,15,16,19,18,14,16,15,17,18,9,19,17,19,18,,18,18,,,,"Piloto"
587,86,2020,4,0,0,0,0,0,0,0,0,0,0,0,0,0,0,0,0,0,0,0,0,,0,0,,,,"Piloto"
588,87,2020,4,0,0,0,0,0,0,0,0,0,0,0,0,0,0,0,0,0,0,0,0,,0,0,,,,"Piloto"
589,88,2020,4,16,12,12,16,14,13,0,15,17,12,17,15,12,12,14,19,13,12,14,15,,15,14,,,,"Piloto"
590,89,2020,4,0,0,0,0,0,0,0,0,0,0,0,0,0,0,0,0,0,0,0,0,,0,0,,,,"Piloto"
591,90,2020,4,18,18,17,17,17,16,13,18,16,16,18,17,14,16,16,10,16,16,0,14,,14,15,,,,"Piloto"
592,91,2020,4,2,5,0,0,0,3,1,1,1,4,1,0,2,7,1,4,3,0,3,1,,4,0,,,,"Piloto"
593,92,2020,4,11,11,11,7,7,10,16,12,0,13,9,12,7,13,11,13,9,10,11,9,,8,9,,,,"Piloto"
594,93,2020,4,17,16,16,0,18,18,18,13,18,17,15,19,16,19,15,15,20,19,18,17,,20,19,,,,"Piloto"
595,94,2020,4,14,17,15,14,15,17,10,14,14,15,12,13,18,15,13,20,17,15,17,13,,19,16,,,,"Piloto"
596,71,2020,5,15,17,17,15,15,16,19,18,19,18,18,14,14,16,16,4,15,17,15,17,,18,16,,,,"Piloto"
479,19,2017,5,,,,,,,,,,,,,,,,,,,,,,,,,,,"Piloto"
597,72,2020,5,3,4,5,4,5,10,7,4,9,3,2,1,1,4,7,3,1,1,1,2,,2,3,,,,"Piloto"
598,73,2020,5,0,0,0,0,0,0,0,0,0,0,0,0,0,0,0,0,0,0,0,0,,0,0,,,,"Piloto"
599,74,2020,5,11,6,11,9,11,0,9,7,13,17,6,7,3,5,13,0,10,10,0,12,,5,9,,,,"Piloto"
600,75,2020,5,6,0,4,3,4,4,10,6,4,7,7,9,9,2,3,5,7,6,5,6,,3,6,,,,"Piloto"
601,76,2020,5,4,5,3,6,0,1,2,11,5,13,0,2,4,6,9,13,4,9,6,9,,12,7,,,,"Piloto"
602,77,2020,5,14,16,14,13,13,8,12,15,12,5,11,12,11,13,10,11,8,12,8,0,,7,15,,,,"Piloto"
603,78,2020,5,8,10,10,8,8,6,5,5,15,14,9,10,17,12,0,12,14,11,16,0,,14,14,,,,"Piloto"
604,79,2020,5,12,7,7,5,7,3,4,8,8,15,4,4,12,9,12,6,13,3,13,8,,13,5,,,,"Piloto"
605,80,2020,5,16,8,6,12,14,13,14,0,7,9,8,11,6,7,6,2,6,2,4,7,,8,8,,,,"Piloto"
606,81,2020,5,7,13,8,10,10,11,11,9,6,4,12,6,15,8,8,7,9,8,12,4,,11,10,,,,"Piloto"
607,82,2020,5,5,9,9,7,3,2,16,16,10,11,15,8,13,10,11,0,11,7,7,11,,9,4,,,,"Piloto"
608,83,2020,5,9,1,12,2,6,5,3,3,2,1,3,3,5,3,5,14,5,5,9,5,,1,2,,,,"Piloto"
609,84,2020,5,2,2,1,11,1,7,8,2,3,2,5,19,0,0,2,10,3,4,3,3,,4,1,,,,"Piloto"
610,85,2020,5,0,18,18,17,18,18,18,0,0,19,17,16,16,18,18,17,18,18,18,16,,20,17,,,,"Piloto"
611,86,2020,5,0,0,0,0,0,0,0,0,0,0,0,0,0,0,0,0,0,0,0,0,,0,0,,,,"Piloto"
612,87,2020,5,0,0,0,0,0,0,0,0,0,0,0,0,0,0,0,0,0,0,0,0,,0,0,,,,"Piloto"
613,88,2020,5,0,11,13,0,16,0,15,13,14,16,13,0,10,14,4,9,16,13,10,14,,6,11,,,,"Piloto"
614,89,2020,5,0,0,0,0,0,0,0,0,0,0,0,0,0,0,0,0,0,0,0,0,,0,0,,,,"Piloto"
615,90,2020,5,17,14,0,0,12,12,13,14,17,8,14,18,8,15,17,8,12,15,14,10,,17,13,,,,"Piloto"
616,91,2020,5,1,3,2,1,2,9,1,1,1,10,1,5,2,0,1,1,2,0,2,1,,10,0,,,,"Piloto"
617,92,2020,5,10,15,16,14,9,14,6,10,11,12,10,13,7,11,14,15,0,14,11,13,,15,12,,,,"Piloto"
618,93,2020,5,18,19,19,18,19,17,20,17,18,0,16,17,19,19,19,18,0,19,19,18,,19,19,,,,"Piloto"
619,94,2020,5,13,12,15,16,17,15,17,12,16,6,0,15,18,17,15,16,17,16,17,15,,16,18,,,,"Piloto"
620,71,2020,6,18,15,13,15,0,0,12,16,14,14,18,17,10,14,16,0,0,0,0,0,,0,0,,,,"Piloto"
621,72,2020,6,4,6,7,1,2,4,3,1,0,1,4,1,7,8,4,0,0,0,0,0,,0,0,,,,"Piloto"
622,73,2020,6,0,0,0,0,0,0,0,0,0,0,0,0,0,0,0,0,0,0,0,0,,0,0,,,,"Piloto"
623,74,2020,6,9,8,9,9,12,10,7,14,12,4,16,10,4,17,7,0,0,0,0,0,,0,0,,,,"Piloto"
478,18,2017,5,,,,,,,,,,,,,,,,,,,,,,,,,,,"Piloto"
624,75,2020,6,6,3,6,12,3,7,14,4,2,0,10,4,3,4,11,0,0,0,0,0,,0,0,,,,"Piloto"
625,76,2020,6,0,14,5,3,4,11,13,11,8,9,8,3,12,5,6,0,0,0,0,0,,0,0,,,,"Piloto"
626,77,2020,6,0,0,0,0,0,0,0,0,0,0,0,0,0,0,0,0,0,0,0,0,,0,0,,,,"Piloto"
627,78,2020,6,12,5,14,13,6,2,11,13,10,5,9,16,5,10,8,0,0,0,0,0,,0,0,,,,"Piloto"
628,79,2020,6,10,11,17,14,7,12,5,2,4,7,3,8,8,2,0,0,0,0,0,0,,0,0,,,,"Piloto"
629,80,2020,6,7,2,15,10,8,13,4,8,7,2,5,6,2,1,2,0,0,0,0,0,,0,0,,,,"Piloto"
630,81,2020,6,3,10,0,11,11,8,15,5,11,6,6,5,0,0,3,0,0,0,0,0,,0,0,,,,"Piloto"
631,82,2020,6,8,4,10,7,15,1,19,0,6,11,1,2,9,6,0,0,0,0,0,0,,0,0,,,,"Piloto"
632,83,2020,6,2,0,2,5,5,9,8,0,5,13,15,7,0,13,9,0,0,0,0,0,,0,0,,,,"Piloto"
633,84,2020,6,1,1,1,2,1,14,2,10,3,8,0,9,14,7,5,0,0,0,0,0,,0,0,,,,"Piloto"
634,85,2020,6,16,16,16,18,17,17,18,17,16,18,17,18,15,16,0,0,0,0,0,0,,0,0,,,,"Piloto"
635,86,2020,6,0,0,0,0,0,0,0,0,0,0,0,0,0,0,0,0,0,0,0,0,,0,0,,,,"Piloto"
636,87,2020,6,0,0,0,0,0,0,0,0,0,0,0,0,0,0,0,0,0,0,0,0,,0,0,,,,"Piloto"
637,88,2020,6,15,7,8,0,9,0,16,7,17,0,11,14,13,11,10,0,0,0,0,0,,0,0,,,,"Piloto"
638,89,2020,6,0,0,0,0,0,0,0,0,0,0,0,0,0,0,0,0,0,0,0,0,,0,0,,,,"Piloto"
639,90,2020,6,14,13,11,0,13,3,9,6,18,16,7,12,6,12,14,0,0,0,0,0,,0,0,,,,"Piloto"
640,91,2020,6,5,9,4,4,0,6,1,3,1,3,2,0,1,3,1,0,0,0,0,0,,0,0,,,,"Piloto"
641,92,2020,6,11,12,12,8,10,5,6,9,13,12,14,15,16,0,13,0,0,0,0,0,,0,0,,,,"Piloto"
642,93,2020,6,17,18,18,17,18,18,20,18,19,15,0,19,17,18,17,0,0,0,0,0,,0,0,,,,"Piloto"
643,94,2020,6,0,17,0,16,16,15,17,15,15,10,13,13,18,15,15,0,0,0,0,0,,0,0,,,,"Piloto"
644,95,2020,6,13,0,3,6,14,16,10,12,9,17,12,11,11,9,12,0,0,0,0,0,,0,0,,,,"Piloto"
645,98,2021,1,,,,,,,,,,,,,,,,,,,,,,,,,,,"Piloto"
646,99,2021,1,,,,,,,,,,,,,,,,,,,,,,,,,,,"Piloto"
647,100,2021,1,,,,,,,,,,,,,,,,,,,,,,,,,,,"Piloto"
648,101,2021,1,,,,,,,,,,,,,,,,,,,,,,,,,,,"Piloto"
649,102,2021,1,,,,,,,,,,,,,,,,,,,,,,,,,,,"Piloto"
650,103,2021,1,,,,,,,,,,,,,,,,,,,,,,,,,,,"Piloto"
477,17,2017,5,,,,,,,,,,,,,,,,,,,,,,,,,,,"Piloto"
651,105,2021,1,,,,,,,,,,,,,,,,,,,,,,,,,,,"Piloto"
652,106,2021,1,,,,,,,,,,,,,,,,,,,,,,,,,,,"Piloto"
653,107,2021,1,,,,,,,,,,,,,,,,,,,,,,,,,,,"Piloto"
654,108,2021,1,,,,,,,,,,,,,,,,,,,,,,,,,,,"Piloto"
655,109,2021,1,,,,,,,,,,,,,,,,,,,,,,,,,,,"Piloto"
656,110,2021,1,,,,,,,,,,,,,,,,,,,,,,,,,,,"Piloto"
657,111,2021,1,,,,,,,,,,,,,,,,,,,,,,,,,,,"Piloto"
658,112,2021,1,,,,,,,,,,,,,,,,,,,,,,,,,,,"Piloto"
659,113,2021,1,,,,,,,,,,,,,,,,,,,,,,,,,,,"Piloto"
660,114,2021,1,,,,,,,,,,,,,,,,,,,,,,,,,,,"Piloto"
661,115,2021,1,,,,,,,,,,,,,,,,,,,,,,,,,,,"Piloto"
662,116,2021,1,,,,,,,,,,,,,,,,,,,,,,,,,,,"Piloto"
663,117,2021,1,,,,,,,,,,,,,,,,,,,,,,,,,,,"Piloto"
664,118,2021,1,,,,,,,,,,,,,,,,,,,,,,,,,,,"Piloto"
665,119,2021,1,,,,,,,,,,,,,,,,,,,,,,,,,,,"Piloto"
666,120,2021,1,,,,,,,,,,,,,,,,,,,,,,,,,,,"Piloto"
667,121,2021,1,,,,,,,,,,,,,,,,,,,,,,,,,,,"Piloto"
668,122,2021,1,,,,,,,,,,,,,,,,,,,,,,,,,,,"Piloto"
669,123,2021,1,,,,,,,,,,,,,,,,,,,,,,,,,,,"Piloto"
670,124,2021,1,,,,,,,,,,,,,,,,,,,,,,,,,,,"Piloto"
476,16,2017,5,,,,,,,,,,,,,,,,,,,,,,,,,,,"Piloto"
671,125,2022,1,4,4,4,3,3,2,3,2,3,8,2,0,5,2,5,7,,,,,,,,,,,"Piloto"
672,126,2022,1,9,9,11,13,13,20,17,14,12,15,17,17,0,16,10,12,,,,,,,,,,,"Piloto"
673,127,2022,1,0,14,17,17,15,13,18,13,11,16,12,12,13,13,14,17,,,,,,,,,,,"Piloto"
674,128,2022,1,3,1,1,2,1,4,6,6,0,11,5,6,2,7,6,5,,,,,,,,,,,"Piloto"
675,129,2022,1,2,6,2,1,2,3,2,3,2,1,6,1,4,1,0,1,,,,,,,,,,,"Piloto"
676,130,2022,1,7,2,3,0,6,6,1,4,6,6,4,2,0,4,7,3,,,,,,,,,,,"Piloto"
677,131,2022,1,16,17,13,15,18,18,14,15,17,17,14,15,11,12,17,13,,,,,,,,,,,"Piloto"
678,132,2022,1,8,15,0,7,8,8,10,8,4,7,8,9,8,6,8,0,,,,,,,,,,,"Piloto"
679,133,2022,1,18,0,8,8,14,14,12,9,9,0,11,8,6,15,0,8,,,,,,,,,,,"Piloto"
680,134,2022,1,1,0,5,0,5,7,7,5,5,9,7,4,15,3,4,0,,,,,,,,,,,"Piloto"
681,135,2022,1,6,5,7,6,0,5,11,7,8,0,1,3,1,8,2,4,,,,,,,,,,,"Piloto"
682,136,2022,1,10,18,9,9,17,10,13,11,10,14,10,10,10,10,9,9,,,,,,,,,,,"Piloto"
683,137,2022,1,0,0,0,0,0,0,0,0,0,0,0,0,0,0,0,0,,,,,,,,,,,"Piloto"
684,138,2022,1,11,11,18,11,10,15,16,12,13,0,0,18,17,18,12,14,,,,,,,,,,,"Piloto"
475,15,2017,5,,,,,,,,,,,,,,,,,,,,,,,,,,,"Piloto"
685,139,2022,1,0,0,0,0,0,0,0,0,0,0,0,0,0,0,0,0,,,,,,,,,,,"Piloto"
686,140,2022,1,0,0,0,0,0,0,0,0,0,0,0,0,0,0,0,0,,,,,,,,,,,"Piloto"
687,141,2022,1,0,0,0,0,0,0,0,0,0,0,0,0,0,0,0,0,,,,,,,,,,,"Piloto"
688,142,2022,1,0,0,0,0,0,0,0,0,0,0,0,0,0,0,0,0,,,,,,,,,,,"Piloto"
689,143,2022,1,5,3,6,4,4,1,4,1,1,2,3,5,7,5,1,2,,,,,,,,,,,"Piloto"
690,144,2022,1,15,8,10,0,9,11,8,0,0,4,0,0,0,0,0,11,,,,,,,,,,,"Piloto"
691,145,2022,1,13,10,12,10,11,17,15,18,18,10,15,14,9,0,13,18,,,,,,,,,,,"Piloto"
692,146,2022,1,17,12,0,14,16,12,9,17,14,13,13,11,12,14,11,10,,,,,,,,,,,"Piloto"
693,147,2022,1,14,13,14,12,19,16,19,16,16,5,18,13,14,11,16,16,,,,,,,,,,,"Piloto"
694,148,2022,1,20,16,16,16,12,19,0,19,15,12,16,16,16,17,15,15,,,,,,,,,,,"Piloto"
695,149,2022,1,12,7,15,5,7,9,5,10,7,3,9,7,3,9,3,6,,,,,,,,,,,"Piloto"
696,125,2022,2,0,3,4,6,4,7,13,7,4,1,7,7,4,9,2,17,,,,,,,,,,,"Piloto"
697,126,2022,2,17,12,0,12,13,13,15,18,14,13,15,14,15,16,13,12,,,,,,,,,,,"Piloto"
698,127,2022,2,9,14,13,11,17,12,14,13,13,14,10,18,13,6,0,19,,,,,,,,,,,"Piloto"
699,128,2022,2,1,1,6,1,10,2,1,0,9,11,1,1,3,0,11,14,,,,,,,,,,,"Piloto"
700,129,2022,2,3,2,2,0,5,6,0,3,1,2,2,2,11,2,0,18,,,,,,,,,,,"Piloto"
701,130,2022,2,6,10,16,5,0,17,2,6,7,8,6,13,1,0,4,3,,,,,,,,,,,"Piloto"
702,131,2022,2,16,15,18,17,16,20,11,16,18,15,17,0,16,15,18,10,,,,,,,,,,,"Piloto"
703,132,2022,2,11,9,9,7,8,5,7,8,6,6,13,0,8,17,9,16,,,,,,,,,,,"Piloto"
704,133,2022,2,5,8,5,0,7,9,4,10,5,3,8,10,9,5,14,15,,,,,,,,,,,"Piloto"
705,134,2022,2,0,7,7,2,3,4,9,5,8,7,9,8,5,4,5,1,,,,,,,,,,,"Piloto"
706,135,2022,2,4,6,3,4,6,1,5,2,2,10,5,3,0,13,1,5,,,,,,,,,,,"Piloto"
707,136,2022,2,15,11,11,8,12,19,8,12,0,9,11,6,6,3,12,7,,,,,,,,,,,"Piloto"
708,137,2022,2,0,0,0,0,0,0,0,0,0,0,0,0,0,0,0,0,,,,,,,,,,,"Piloto"
709,138,2022,2,12,18,15,15,18,11,10,14,11,16,12,9,19,8,10,9,,,,,,,,,,,"Piloto"
710,139,2022,2,0,0,0,0,0,0,0,0,0,0,0,0,0,0,0,0,,,,,,,,,,,"Piloto"
711,140,2022,2,0,0,0,0,0,0,0,0,0,0,0,0,0,0,0,0,,,,,,,,,,,"Piloto"
474,14,2017,5,,,,,,,,,,,,,,,,,,,,,,,,,,,"Piloto"
712,141,2022,2,0,0,0,0,0,0,0,0,0,0,0,0,0,0,0,0,,,,,,,,,,,"Piloto"
713,142,2022,2,18,16,17,16,19,18,18,19,17,18,18,16,14,14,16,20,,,,,,,,,,,"Piloto"
714,143,2022,2,7,5,1,3,2,3,6,1,3,5,3,4,2,10,6,4,,,,,,,,,,,"Piloto"
715,144,2022,2,2,4,0,0,1,10,3,4,0,0,4,5,7,1,3,2,,,,,,,,,,,"Piloto"
716,145,2022,2,13,0,8,9,9,8,16,9,10,0,0,12,17,11,7,13,,,,,,,,,,,"Piloto"
717,146,2022,2,8,19,10,13,15,16,0,17,16,12,0,17,18,12,17,8,,,,,,,,,,,"Piloto"
718,147,2022,2,10,17,12,14,14,14,12,15,15,17,14,15,10,18,15,11,,,,,,,,,,,"Piloto"
719,148,2022,2,14,13,14,10,11,15,17,11,12,4,16,11,12,7,8,6,,,,,,,,,,,"Piloto"
720,149,2022,2,0,0,0,0,0,0,0,0,0,0,0,0,0,0,0,0,,,,,,,,,,,"Piloto"
721,125,2022,3,8,9,7,7,7,7,5,7,9,5,5,9,8,0,0,8,,,,,,,,,,,"Piloto"
722,126,2022,3,13,14,12,13,15,10,13,12,13,14,14,13,14,13,10,11,,,,,,,,,,,"Piloto"
723,127,2022,3,15,17,17,17,13,17,17,13,15,11,13,18,12,14,15,0,,,,,,,,,,,"Piloto"
724,128,2022,3,6,2,13,2,2,15,4,0,3,9,6,5,0,3,3,1,,,,,,,,,,,"Piloto"
725,129,2022,3,17,3,3,1,5,0,1,4,1,1,2,1,2,2,1,3,,,,,,,,,,,"Piloto"
726,130,2022,3,7,4,10,4,6,4,2,5,5,8,3,2,7,5,8,2,,,,,,,,,,,"Piloto"
727,131,2022,3,14,18,15,18,16,13,16,15,12,0,17,14,0,9,13,10,,,,,,,,,,,"Piloto"
728,132,2022,3,,,,,,,,,,,,,,,,,,,,,,,,,,,"Piloto"
729,133,2022,3,4,6,5,3,11,0,7,10,18,7,9,8,4,11,0,12,,,,,,,,,,,"Piloto"
730,134,2022,3,3,8,6,5,4,2,3,6,4,4,4,6,5,12,7,13,,,,,,,,,,,"Piloto"
731,135,2022,3,5,12,2,11,8,1,6,2,7,3,7,3,6,4,4,5,,,,,,,,,,,"Piloto"
732,136,2022,3,11,10,16,14,18,12,0,14,10,6,10,10,13,17,6,0,,,,,,,,,,,"Piloto"
733,137,2022,3,,,,,,,,,,,,,,,,,,,,,,,,,,,"Piloto"
734,138,2022,3,9,19,14,16,9,8,10,9,14,12,12,11,15,7,17,15,,,,,,,,,,,"Piloto"
735,139,2022,3,,,,,,,,,,,,,,,,,,,,,,,,,,,"Piloto"
736,140,2022,3,,,,,,,,,,,,,,,,,,,,,,,,,,,"Piloto"
737,141,2022,3,,,,,,,,,,,,,,,,,,,,,,,,,,,"Piloto"
738,142,2022,3,18,15,19,12,17,16,18,18,16,18,19,0,18,15,14,18,,,,,,,,,,,"Piloto"
473,13,2017,5,,,,,,,,,,,,,,,,,,,,,,,,,,,"Piloto"
739,143,2022,3,2,5,4,0,3,5,8,3,8,2,8,4,3,6,18,6,,,,,,,,,,,"Piloto"
740,144,2022,3,1,1,1,0,1,3,0,1,2,0,1,0,1,1,2,4,,,,,,,,,,,"Piloto"
741,145,2022,3,10,11,11,8,0,11,14,8,0,16,11,15,10,8,11,7,,,,,,,,,,,"Piloto"
742,146,2022,3,12,0,0,10,14,14,15,17,17,15,0,12,11,16,12,9,,,,,,,,,,,"Piloto"
743,147,2022,3,0,7,9,6,12,6,12,0,6,13,16,7,9,0,5,14,,,,,,,,,,,"Piloto"
744,148,2022,3,16,13,8,9,10,9,9,16,11,10,15,17,16,0,9,16,,,,,,,,,,,"Piloto"
745,149,2022,3,,,,,,,,,,,,,,,,,,,,,,,,,,,"Piloto"
746,150,2022,3,0,16,18,15,19,18,11,11,19,17,18,16,17,10,16,17,,,,,,,,,,,"Piloto"
747,145,2022,4,7,10,5,5,8,6,3,4,6,7,2,8,5,8,3,11,,,,,,,,,,,"Piloto"
748,130,2022,4,9,4,6,11,10,5,0,5,7,3,7,0,3,7,4,6,,,,,,,,,,,"Piloto"
749,129,2022,4,5,5,4,8,3,15,6,3,5,5,4,5,18,2,5,2,,,,,,,,,,,"Piloto"
750,144,2022,4,1,1,0,1,1,1,0,1,1,15,0,2,2,1,0,1,,,,,,,,,,,"Piloto"
751,128,2022,4,2,3,1,3,5,3,4,2,2,1,3,3,1,6,1,5,,,,,,,,,,,"Piloto"
752,134,2022,4,4,0,3,2,2,4,1,7,3,8,5,6,0,3,2,8,,,,,,,,,,,"Piloto"
753,143,2022,4,8,6,13,6,7,7,9,9,12,4,6,4,7,5,0,3,,,,,,,,,,,"Piloto"
754,133,2022,4,13,14,10,9,0,17,11,11,9,18,9,0,0,9,9,14,,,,,,,,,,,"Piloto"
755,135,2022,4,3,2,2,17,4,2,8,6,4,2,1,1,4,4,13,4,,,,,,,,,,,"Piloto"
756,147,2022,4,17,7,7,4,12,9,14,10,8,6,8,7,6,12,0,7,,,,,,,,,,,"Piloto"
757,126,2022,4,6,15,15,16,17,14,2,0,0,13,10,17,8,11,10,9,,,,,,,,,,,"Piloto"
758,138,2022,4,0,9,8,10,0,18,10,12,14,12,12,9,10,15,12,10,,,,,,,,,,,"Piloto"
759,136,2022,4,12,11,9,12,6,8,5,8,10,9,11,14,9,10,6,12,,,,,,,,,,,"Piloto"
760,146,2022,4,10,17,11,0,13,12,12,13,13,14,14,13,12,13,8,15,,,,,,,,,,,"Piloto"
761,148,2022,4,11,18,14,7,9,16,7,15,11,17,13,10,11,0,14,0,,,,,,,,,,,"Piloto"
762,150,2022,4,18,16,17,13,14,13,16,18,16,0,18,16,16,16,7,17,,,,,,,,,,,"Piloto"
763,127,2022,4,15,19,0,18,15,0,13,14,15,16,16,11,14,0,16,19,,,,,,,,,,,"Piloto"
764,131,2022,4,16,12,16,15,0,10,15,17,0,11,15,12,13,0,11,13,,,,,,,,,,,"Piloto"
472,12,2017,5,,,,,,,,,,,,,,,,,,,,,,,,,,,"Piloto"
765,151,2022,4,0,8,12,14,11,11,18,16,18,10,17,15,15,0,17,16,,,,,,,,,,,"Piloto"
766,142,2022,4,14,13,18,19,16,0,17,19,17,0,19,18,17,14,15,18,,,,,,,,,,,"Piloto"
767,128,2022,5,3,3,2,0,0,0,0,0,0,0,0,0,0,0,0,0,,,,,,,,,,,"Piloto"
768,134,2022,5,4,6,0,4,0,0,0,0,0,0,0,0,0,0,0,0,,,,,,,,,,,"Piloto"
769,129,2022,5,2,2,4,2,0,0,0,0,0,0,0,0,0,0,0,0,,,,,,,,,,,"Piloto"
770,144,2022,5,1,1,1,1,0,0,0,0,0,0,0,0,0,0,0,0,,,,,,,,,,,"Piloto"
771,135,2022,5,5,4,3,7,0,0,0,0,0,0,0,0,0,0,0,0,,,,,,,,,,,"Piloto"
772,147,2022,5,12,7,5,5,0,0,0,0,0,0,0,0,0,0,0,0,,,,,,,,,,,"Piloto"
773,145,2022,5,13,5,6,3,0,0,0,0,0,0,0,0,0,0,0,0,,,,,,,,,,,"Piloto"
774,131,2022,5,7,8,16,0,0,0,0,0,0,0,0,0,0,0,0,0,,,,,,,,,,,"Piloto"
775,143,2022,5,6,9,7,6,0,0,0,0,0,0,0,0,0,0,0,0,,,,,,,,,,,"Piloto"
776,133,2022,5,8,12,17,9,0,0,0,0,0,0,0,0,0,0,0,0,,,,,,,,,,,"Piloto"
777,136,2022,5,18,11,9,10,0,0,0,0,0,0,0,0,0,0,0,0,,,,,,,,,,,"Piloto"
778,146,2022,5,17,0,10,13,0,0,0,0,0,0,0,0,0,0,0,0,,,,,,,,,,,"Piloto"
779,150,2022,5,15,14,11,14,0,0,0,0,0,0,0,0,0,0,0,0,,,,,,,,,,,"Piloto"
780,138,2022,5,9,18,18,8,0,0,0,0,0,0,0,0,0,0,0,0,,,,,,,,,,,"Piloto"
781,148,2022,5,0,10,8,11,0,0,0,0,0,0,0,0,0,0,0,0,,,,,,,,,,,"Piloto"
782,152,2022,5,16,15,13,18,0,0,0,0,0,0,0,0,0,0,0,0,,,,,,,,,,,"Piloto"
783,151,2022,5,10,16,14,16,0,0,0,0,0,0,0,0,0,0,0,0,,,,,,,,,,,"Piloto"
784,142,2022,5,14,17,19,17,0,0,0,0,0,0,0,0,0,0,0,0,,,,,,,,,,,"Piloto"
785,126,2022,5,11,13,12,12,0,0,0,0,0,0,0,0,0,0,0,0,,,,,,,,,,,"Piloto"
786,153,2022,5,19,0,15,15,0,0,0,0,0,0,0,0,0,0,0,0,,,,,,,,,,,"Piloto"
471,11,2017,5,,,,,,,,,,,,,,,,,,,,,,,,,,,"Piloto"
787,154,2023,1,1,1,1,1,4,0,1,2,1,8,11,1,3,5,6,2,,,,,,,,,,,"Piloto"
788,155,2023,1,2,2,3,2,2,3,4,4,5,7,0,13,2,2,3,0,,,,,,,,,,,"Piloto"
789,156,2023,1,0,3,2,5,3,5,5,1,4,6,3,3,5,3,8,15,,,,,,,,,,,"Piloto"
790,157,2023,1,3,4,6,8,1,7,3,6,16,4,9,5,9,0,5,7,,,,,,,,,,,"Piloto"
791,158,2023,1,4,6,5,6,7,4,2,3,2,1,5,0,15,4,0,0,,,,,,,,,,,"Piloto"
792,159,2023,1,5,5,4,4,5,2,0,5,10,2,2,4,1,1,7,1,,,,,,,,,,,"Piloto"
793,160,2023,1,10,11,9,13,15,12,13,11,15,15,7,0,7,10,9,9,,,,,,,,,,,"Piloto"
794,161,2023,1,8,9,0,11,10,8,15,15,0,14,12,7,0,8,18,8,,,,,,,,,,,"Piloto"
795,162,2023,1,7,0,8,3,6,6,6,7,7,9,1,8,8,6,1,4,,,,,,,,,,,"Piloto"
796,163,2023,1,11,8,13,0,11,9,7,9,3,5,13,6,4,0,0,10,,,,,,,,,,,"Piloto"
797,164,2023,1,12,13,12,14,13,13,9,0,17,10,4,16,0,12,14,14,,,,,,,,,,,"Piloto"
798,165,2023,1,15,19,15,19,17,16,11,18,18,16,18,17,0,17,11,13,,,,,,,,,,,"Piloto"
470,10,2017,5,,,,,,,,,,,,,,,,,,,,,,,,,,,"Piloto"
799,166,2023,1,6,7,7,7,8,10,14,8,0,3,14,9,6,7,2,6,,,,,,,,,,,"Piloto"
800,167,2023,1,9,10,10,10,14,0,18,10,9,18,15,10,10,9,10,5,,,,,,,,,,,"Piloto"
801,168,2023,1,18,16,11,18,18,11,10,12,19,0,10,14,11,13,12,12,,,,,,,,,,,"Piloto"
802,169,2023,1,14,17,18,16,16,17,12,19,13,17,16,15,17,14,16,0,,,,,,,,,,,"Piloto"
803,170,2023,1,19,14,14,9,0,14,17,17,14,13,19,12,12,15,17,0,,,,,,,,,,,"Piloto"
804,171,2023,1,16,18,17,12,0,15,0,16,12,0,17,18,14,16,13,11,,,,,,,,,,,"Piloto"
805,172,2023,1,17,15,16,17,12,0,16,13,11,11,8,11,16,11,15,0,,,,,,,,,,,"Piloto"
806,176,2023,1,13,12,0,15,9,1,8,14,6,12,6,2,13,0,4,3,,,,,,,,,,,"Piloto"
469,9,2017,5,,,,,,,,,,,,,,,,,,,,,,,,,,,"Piloto"
807,154,2023,2,6,2,9,1,5,6,2,6,2,4,3,6,8,5,0,8,,,,,,,,,,,"Piloto"
808,155,2023,2,3,3,4,3,8,0,8,9,0,6,12,7,6,7,2,17,,,,,,,,,,,"Piloto"
809,158,2023,2,2,1,3,2,4,0,3,5,6,2,2,9,1,3,6,5,,,,,,,,,,,"Piloto"
810,159,2023,2,4,4,2,4,7,7,1,2,4,1,4,11,4,0,1,2,,,,,,,,,,,"Piloto"
811,156,2023,2,8,6,5,6,3,10,6,8,5,5,8,2,3,9,5,4,,,,,,,,,,,"Piloto"
812,157,2023,2,16,8,6,5,6,3,5,4,3,0,5,8,2,4,8,6,,,,,,,,,,,"Piloto"
813,162,2023,2,5,5,1,7,13,5,4,7,0,14,1,5,5,2,4,3,,,,,,,,,,,"Piloto"
814,163,2023,2,9,7,10,8,0,2,9,10,14,13,11,10,12,8,9,0,,,,,,,,,,,"Piloto"
815,166,2023,2,10,9,8,19,2,4,7,3,0,0,0,0,0,0,0,0,,,,,,,,,,,"Piloto"
816,176,2023,2,1,0,0,0,1,1,0,1,1,3,0,1,10,1,0,1,,,,,,,,,,,"Piloto"
817,173,2023,2,12,13,13,18,15,16,13,14,12,10,15,15,16,16,12,10,,,,,,,,,,,"Piloto"
818,177,2023,2,13,12,12,12,11,18,0,13,11,17,9,13,0,19,17,0,,,,,,,,,,,"Piloto"
819,160,2023,2,11,10,11,9,9,11,12,15,0,7,6,4,17,10,7,16,,,,,,,,,,,"Piloto"
820,161,2023,2,7,11,7,10,10,8,10,12,16,0,7,3,7,6,3,15,,,,,,,,,,,"Piloto"
821,164,2023,2,17,15,14,11,14,17,16,16,7,11,14,14,14,12,13,12,,,,,,,,,,,"Piloto"
822,165,2023,2,0,16,17,17,0,14,15,0,8,12,17,0,15,17,15,14,,,,,,,,,,,"Piloto"
823,168,2023,2,0,18,0,14,18,9,14,18,9,8,16,17,11,14,14,9,,,,,,,,,,,"Piloto"
824,172,2023,2,0,14,15,13,16,12,11,11,13,9,13,16,18,11,18,13,,,,,,,,,,,"Piloto"
825,170,2023,2,14,17,0,15,12,15,17,0,15,18,18,18,19,15,11,0,,,,,,,,,,,"Piloto"
826,171,2023,2,15,19,16,16,17,13,18,17,17,15,19,19,13,18,16,11,,,,,,,,,,,"Piloto"
827,167,2023,2,0,0,0,0,0,0,0,0,10,16,10,12,9,13,10,7,,,,,,,,,,,"Piloto"
828,158,2023,3,12,10,2,8,5,12,2,0,4,2,3,3,4,1,0,12,,,,,,,,,,,"Piloto"
829,159,2023,3,3,2,12,4,8,8,5,8,2,1,10,4,0,9,6,6,,,,,,,,,,,"Piloto"
830,156,2023,3,0,0,11,5,6,6,1,9,0,8,8,1,9,3,8,11,,,,,,,,,,,"Piloto"
831,157,2023,3,9,7,3,1,14,10,4,10,5,6,11,2,7,4,14,7,,,,,,,,,,,"Piloto"
832,167,2023,3,1,0,6,2,3,3,6,5,0,3,5,12,2,2,1,2,,,,,,,,,,,"Piloto"
468,8,2017,5,,,,,,,,,,,,,,,,,,,,,,,,,,,"Piloto"
833,176,2023,3,2,1,5,6,1,1,0,1,1,0,1,0,1,0,2,3,,,,,,,,,,,"Piloto"
834,154,2023,3,5,8,4,9,4,7,8,4,7,9,2,13,0,14,12,8,,,,,,,,,,,"Piloto"
835,155,2023,3,8,6,7,0,13,15,7,13,11,12,6,11,13,7,15,9,,,,,,,,,,,"Piloto"
836,162,2023,3,6,3,1,7,2,2,3,3,3,5,9,5,3,5,3,5,,,,,,,,,,,"Piloto"
837,163,2023,3,7,4,9,3,9,4,0,12,9,4,0,8,6,0,4,1,,,,,,,,,,,"Piloto"
838,160,2023,3,10,9,13,13,0,5,17,11,12,18,4,6,8,8,10,4,,,,,,,,,,,"Piloto"
839,161,2023,3,4,5,10,12,7,9,14,0,6,7,7,10,5,6,5,10,,,,,,,,,,,"Piloto"
840,168,2023,3,15,13,17,17,19,18,10,14,10,16,12,15,11,15,16,16,,,,,,,,,,,"Piloto"
841,172,2023,3,11,16,15,19,17,0,9,2,0,11,14,18,10,13,0,14,,,,,,,,,,,"Piloto"
842,173,2023,3,14,15,18,11,12,13,18,6,13,14,13,16,0,12,13,15,,,,,,,,,,,"Piloto"
843,177,2023,3,13,12,8,10,11,19,11,0,0,10,18,14,12,11,7,0,,,,,,,,,,,"Piloto"
844,164,2023,3,19,11,0,18,10,11,13,15,8,17,15,9,14,10,17,13,,,,,,,,,,,"Piloto"
845,165,2023,3,18,18,19,15,15,16,12,17,15,19,16,0,0,18,18,17,,,,,,,,,,,"Piloto"
846,170,2023,3,16,14,16,14,16,14,15,16,16,13,0,7,16,17,11,19,,,,,,,,,,,"Piloto"
847,171,2023,3,17,17,14,16,18,17,16,7,14,15,17,17,15,16,9,18,,,,,,,,,,,"Piloto"
848,167,2023,4,2,0,2,6,1,6,5,2,7,1,10,5,9,9,8,7,,,,,,,,,,,"Piloto"
849,176,2023,4,3,1,0,2,2,1,0,1,1,6,1,3,0,6,1,1,,,,,,,,,,,"Piloto"
850,178,2023,4,11,7,8,3,6,8,2,11,12,0,0,6,7,1,5,18,,,,,,,,,,,"Piloto"
851,163,2023,4,9,6,6,7,3,10,3,0,4,3,6,7,6,0,7,6,,,,,,,,,,,"Piloto"
852,162,2023,4,5,5,1,9,8,4,6,5,2,2,5,9,1,4,3,3,,,,,,,,,,,"Piloto"
853,159,2023,4,4,2,13,4,0,5,1,4,8,5,2,8,3,2,2,4,,,,,,,,,,,"Piloto"
854,156,2023,4,1,9,4,5,4,2,8,6,5,4,4,1,4,5,10,2,,,,,,,,,,,"Piloto"
855,157,2023,4,19,3,5,8,7,3,4,7,3,7,11,4,2,7,4,0,,,,,,,,,,,"Piloto"
856,160,2023,4,8,11,9,15,11,11,11,9,10,0,9,0,11,10,12,17,,,,,,,,,,,"Piloto"
857,161,2023,4,10,10,10,10,9,15,10,10,9,10,8,0,10,14,11,10,,,,,,,,,,,"Piloto"
858,154,2023,4,7,4,7,1,5,14,9,8,6,8,3,2,5,3,9,8,,,,,,,,,,,"Piloto"
859,155,2023,4,6,8,3,18,12,7,7,3,0,11,7,10,8,8,6,5,,,,,,,,,,,"Piloto"
467,7,2017,5,,,,,,,,,,,,,,,,,,,,,,,,,,,"Piloto"
860,168,2023,4,17,16,18,16,19,19,15,13,16,14,16,13,16,16,16,16,,,,,,,,,,,"Piloto"
861,172,2023,4,12,15,17,13,18,17,12,15,13,17,18,15,13,12,15,14,,,,,,,,,,,"Piloto"
862,173,2023,4,18,19,11,11,14,16,0,16,15,16,13,11,15,11,14,9,,,,,,,,,,,"Piloto"
863,177,2023,4,13,12,12,17,10,20,14,12,11,9,12,12,12,0,13,11,,,,,,,,,,,"Piloto"
864,170,2023,4,0,17,14,14,15,13,17,19,18,18,19,14,18,15,17,0,,,,,,,,,,,"Piloto"
865,171,2023,4,15,18,15,0,16,9,16,17,19,13,17,18,19,13,20,15,,,,,,,,,,,"Piloto"
866,164,2023,4,14,14,19,12,13,18,0,14,17,12,15,16,14,17,18,12,,,,,,,,,,,"Piloto"
867,165,2023,4,16,13,16,19,17,12,13,18,14,15,14,17,17,18,19,13,,,,,,,,,,,"Piloto"
868,167,2023,5,2,2,2,1,2,5,1,2,2,2,7,11,0,8,11,8,,,,,,,,,,,"Piloto"
869,176,2023,5,1,1,1,0,0,1,2,1,1,1,1,3,0,2,0,0,,,,,,,,,,,"Piloto"
870,162,2023,5,11,11,10,14,13,7,0,7,11,7,12,7,6,0,4,6,,,,,,,,,,,"Piloto"
871,159,2023,5,16,0,9,15,12,11,9,11,8,3,0,10,3,6,8,5,,,,,,,,,,,"Piloto"
872,156,2023,5,6,3,5,9,7,4,8,6,4,4,4,4,8,7,7,9,,,,,,,,,,,"Piloto"
873,157,2023,5,10,6,7,5,10,2,6,8,5,8,8,2,2,3,0,4,,,,,,,,,,,"Piloto"
874,154,2023,5,5,9,0,3,5,15,4,9,10,0,6,5,5,1,2,1,,,,,,,,,,,"Piloto"
875,155,2023,5,17,12,12,6,11,18,7,0,6,12,9,8,9,12,6,3,,,,,,,,,,,"Piloto"
876,178,2023,5,14,13,11,10,9,9,11,13,13,9,10,0,10,10,9,11,,,,,,,,,,,"Piloto"
877,163,2023,5,13,14,14,11,8,16,15,12,15,11,11,16,12,5,10,12,,,,,,,,,,,"Piloto"
878,160,2023,5,4,8,3,2,3,6,12,5,7,6,2,6,7,9,5,7,,,,,,,,,,,"Piloto"
879,161,2023,5,3,4,8,4,1,3,5,3,3,5,3,1,4,4,1,2,,,,,,,,,,,"Piloto"
880,173,2023,5,7,5,6,8,4,8,10,10,12,10,18,12,11,0,0,10,,,,,,,,,,,"Piloto"
881,177,2023,5,8,7,4,7,6,14,3,4,9,15,5,9,1,0,3,0,,,,,,,,,,,"Piloto"
882,170,2023,5,0,0,16,18,17,13,17,14,17,16,14,14,16,11,16,15,,,,,,,,,,,"Piloto"
883,171,2023,5,12,16,15,12,19,19,16,15,18,14,16,18,17,16,17,0,,,,,,,,,,,"Piloto"
884,164,2023,5,9,10,13,13,14,10,14,16,14,13,13,13,14,13,12,14,,,,,,,,,,,"Piloto"
885,165,2023,5,19,0,0,19,16,17,19,17,19,0,17,15,0,0,13,16,,,,,,,,,,,"Piloto"
886,168,2023,5,18,15,17,16,18,20,18,0,16,17,15,17,15,14,15,17,,,,,,,,,,,"Piloto"
466,6,2017,5,,,,,,,,,,,,,,,,,,,,,,,,,,,"Piloto"
887,172,2023,5,15,17,0,17,15,12,13,18,0,18,19,0,13,15,14,13,,,,,,,,,,,"Piloto"
888,167,2023,6,6,12,10,10,9,10,10,3,7,9,12,13,12,10,14,7,,,,,,,,,,,"Piloto"
889,176,2023,6,3,6,12,2,1,2,4,1,2,0,0,0,4,1,6,1,,,,,,,,,,,"Piloto"
890,160,2023,6,4,4,9,12,11,12,0,11,6,11,3,10,0,12,13,9,,,,,,,,,,,"Piloto"
891,161,2023,6,9,5,13,3,5,11,7,14,18,12,11,8,8,11,12,4,,,,,,,,,,,"Piloto"
892,156,2023,6,10,10,2,4,0,4,5,9,10,5,6,7,1,3,1,6,,,,,,,,,,,"Piloto"
893,163,2023,6,7,1,4,7,4,1,8,2,8,7,0,6,5,6,11,11,,,,,,,,,,,"Piloto"
894,154,2023,6,1,3,1,8,10,6,3,8,5,3,7,4,2,4,5,3,,,,,,,,,,,"Piloto"
895,155,2023,6,0,8,3,14,6,8,9,10,3,6,8,3,6,5,4,2,,,,,,,,,,,"Piloto"
896,173,2023,6,11,14,0,9,0,7,11,12,13,10,0,12,13,0,9,10,,,,,,,,,,,"Piloto"
897,177,2023,6,8,13,5,6,7,13,0,5,11,8,9,11,10,8,10,5,,,,,,,,,,,"Piloto"
898,162,2023,6,2,11,8,0,2,0,1,6,9,1,4,5,11,7,3,8,,,,,,,,,,,"Piloto"
899,159,2023,6,5,2,7,1,3,5,2,4,1,0,2,9,9,13,8,0,,,,,,,,,,,"Piloto"
900,178,2023,6,13,9,11,5,8,9,6,7,12,4,5,2,7,2,7,12,,,,,,,,,,,"Piloto"
901,171,2023,6,12,7,6,11,12,3,12,13,4,2,1,1,3,9,2,0,,,,,,,,,,,"Piloto"
902,179,2023,6,18,17,19,13,14,18,18,18,0,0,0,0,0,0,0,0,,,,,,,,,,,"Piloto"
903,165,2023,6,16,0,18,19,18,15,14,15,16,17,16,17,0,16,20,0,,,,,,,,,,,"Piloto"
904,168,2023,6,15,19,17,15,17,14,16,19,17,18,17,18,18,17,19,15,,,,,,,,,,,"Piloto"
905,180,2023,6,0,16,15,18,15,17,17,16,14,16,14,0,15,15,17,0,,,,,,,,,,,"Piloto"
906,170,2023,6,14,18,14,16,16,16,15,0,0,14,14,14,14,14,16,16,,,,,,,,,,,"Piloto"
907,172,2023,6,17,15,16,17,13,19,13,17,15,13,13,16,16,18,18,14,,,,,,,,,,,"Piloto"
908,176,2023,7,0,1,1,0,6,1,4,0,1,4,3,1,2,0,0,1,,,,,,,,,,,"Piloto"
909,180,2023,7,3,10,8,1,1,0,2,9,3,2,13,8,12,14,10,10,,,,,,,,,,,"Piloto"
910,162,2023,7,4,3,4,11,3,5,1,2,5,7,2,10,8,1,6,7,,,,,,,,,,,"Piloto"
911,182,2023,7,5,0,10,12,9,14,3,5,0,0,0,0,0,0,0,0,,,,,,,,,,,"Piloto"
912,156,2023,7,6,6,11,3,8,8,10,6,4,5,5,6,4,11,8,4,,,,,,,,,,,"Piloto"
913,163,2023,7,8,12,3,9,5,2,0,8,7,0,7,2,3,4,3,8,,,,,,,,,,,"Piloto"
465,5,2017,5,,,,,,,,,,,,,,,,,,,,,,,,,,,"Piloto"
914,178,2023,7,2,2,7,0,2,4,7,0,0,3,1,3,5,13,1,2,,,,,,,,,,,"Piloto"
915,171,2023,7,1,5,2,2,4,0,5,1,2,8,9,4,6,10,4,0,,,,,,,,,,,"Piloto"
916,167,2023,7,12,11,9,6,14,15,8,3,8,12,14,12,10,8,12,6,,,,,,,,,,,"Piloto"
917,172,2023,7,0,7,12,5,7,3,9,7,6,10,12,9,15,9,5,17,,,,,,,,,,,"Piloto"
918,160,2023,7,10,0,14,7,13,10,12,12,11,13,11,0,9,0,13,3,,,,,,,,,,,"Piloto"
919,161,2023,7,7,4,13,4,10,6,11,11,9,11,8,5,7,5,9,11,,,,,,,,,,,"Piloto"
920,173,2023,7,11,9,6,8,12,12,0,10,12,9,10,13,13,7,11,9,,,,,,,,,,,"Piloto"
921,177,2023,7,9,8,5,10,11,7,6,4,0,6,6,11,11,3,7,5,,,,,,,,,,,"Piloto"
922,181,2023,7,13,13,15,13,15,0,13,13,13,14,0,17,0,6,14,13,,,,,,,,,,,"Piloto"
923,165,2023,7,15,16,16,16,16,16,16,17,15,19,15,14,14,12,0,12,,,,,,,,,,,"Piloto"
924,168,2023,7,17,18,19,18,19,11,17,18,18,17,19,16,19,15,17,16,,,,,,,,,,,"Piloto"
925,183,2023,7,14,14,0,15,0,9,15,14,14,15,17,15,18,0,15,15,,,,,,,,,,,"Piloto"
926,170,2023,7,16,15,18,14,17,13,14,15,17,16,16,0,16,16,16,14,,,,,,,,,,,"Piloto"
927,179,2023,7,18,17,17,17,18,0,18,16,16,18,18,18,17,17,18,0,,,,,,,,,,,"Piloto"
928,159,2023,7,0,0,0,0,0,0,0,0,10,1,4,7,1,2,2,0,,,,,,,,,,,"Piloto"
929,176,2023,8,1,0,1,1,1,1,4,1,0,0,0,0,0,0,0,0,,,,,,,,,,,"Piloto"
930,180,2023,8,4,7,5,0,4,12,2,11,0,0,0,0,0,0,0,0,,,,,,,,,,,"Piloto"
931,178,2023,8,2,1,11,3,15,7,1,5,0,0,0,0,0,0,0,0,,,,,,,,,,,"Piloto"
932,171,2023,8,0,3,2,4,0,2,12,0,0,0,0,0,0,0,0,0,,,,,,,,,,,"Piloto"
933,162,2023,8,5,2,3,5,2,13,3,7,0,0,0,0,0,0,0,0,,,,,,,,,,,"Piloto"
934,184,2023,8,15,15,15,14,12,0,16,0,0,0,0,0,0,0,0,0,,,,,,,,,,,"Piloto"
935,156,2023,8,3,12,7,2,6,6,5,2,0,0,0,0,0,0,0,0,,,,,,,,,,,"Piloto"
936,163,2023,8,8,5,4,10,7,4,7,6,0,0,0,0,0,0,0,0,,,,,,,,,,,"Piloto"
937,167,2023,8,9,8,16,12,0,9,11,4,0,0,0,0,0,0,0,0,,,,,,,,,,,"Piloto"
938,182,2023,8,6,6,0,16,3,8,6,9,0,0,0,0,0,0,0,0,,,,,,,,,,,"Piloto"
939,173,2023,8,12,9,8,6,5,11,9,8,0,0,0,0,0,0,0,0,,,,,,,,,,,"Piloto"
940,177,2023,8,7,4,9,8,9,3,8,3,0,0,0,0,0,0,0,0,,,,,,,,,,,"Piloto"
464,4,2017,5,,,,,,,,,,,,,,,,,,,,,,,,,,,"Piloto"
941,160,2023,8,10,11,10,7,10,15,14,14,0,0,0,0,0,0,0,0,,,,,,,,,,,"Piloto"
942,185,2023,8,14,10,6,9,8,10,13,17,0,0,0,0,0,0,0,0,,,,,,,,,,,"Piloto"
943,181,2023,8,11,13,12,13,11,5,10,10,0,0,0,0,0,0,0,0,,,,,,,,,,,"Piloto"
944,165,2023,8,13,14,13,11,16,14,15,13,0,0,0,0,0,0,0,0,,,,,,,,,,,"Piloto"
945,168,2023,8,17,17,17,17,14,16,17,15,0,0,0,0,0,0,0,0,,,,,,,,,,,"Piloto"
946,183,2023,8,16,16,14,18,13,0,0,18,0,0,0,0,0,0,0,0,,,,,,,,,,,"Piloto"
947,170,2023,8,18,18,0,15,17,17,18,16,0,0,0,0,0,0,0,0,,,,,,,,,,,"Piloto"
948,179,2023,8,19,19,18,0,18,18,19,12,0,0,0,0,0,0,0,0,,,,,,,,,,,"Piloto"
949,172,2023,8,0,0,0,0,0,0,0,0,0,0,0,0,0,0,0,0,,,,,,,,,,,"Piloto"
950,186,2024,1,1,0,1,4,2,2,1,1,4,1,2,1,18,0,1,1,,,,,,,,,,,"Piloto"
951,187,2024,1,8,4,13,3,6,8,4,12,3,6,10,13,10,6,8,3,,,,,,,,,,,"Piloto"
952,188,2024,1,3,7,7,6,9,3,0,5,2,3,1,2,2,2,2,6,,,,,,,,,,,"Piloto"
953,189,2024,1,9,2,4,1,12,16,7,4,5,5,12,3,0,3,9,7,,,,,,,,,,,"Piloto"
954,190,2024,1,7,6,6,10,3,7,8,11,8,9,18,0,3,8,0,9,,,,,,,,,,,"Piloto"
955,191,2024,1,6,5,3,2,5,4,6,2,7,12,11,10,4,5,3,5,,,,,,,,,,,"Piloto"
956,192,2024,1,12,18,12,15,14,12,11,10,16,13,14,7,8,11,11,11,,,,,,,,,,,"Piloto"
957,193,2024,1,11,13,15,14,10,11,9,6,10,14,13,15,7,10,0,10,,,,,,,,,,,"Piloto"
958,194,2024,1,2,1,2,5,7,1,2,3,1,2,6,4,1,1,6,0,,,,,,,,,,,"Piloto"
959,195,2024,1,4,3,5,12,11,5,3,9,6,4,5,14,5,4,10,2,,,,,,,,,,,"Piloto"
960,196,2024,1,17,17,16,9,13,18,15,13,14,15,7,6,17,12,5,14,,,,,,,,,,,"Piloto"
961,206,2024,1,0,9,14,0,1,14,0,0,0,0,3,8,9,0,7,0,,,,,,,,,,,"Piloto"
962,198,2024,1,5,10,0,8,4,6,5,7,12,7,15,5,12,7,4,4,,,,,,,,,,,"Piloto"
963,199,2024,1,0,11,9,7,8,9,0,8,9,11,4,12,6,9,13,8,,,,,,,,,,,"Piloto"
964,200,2024,1,14,14,17,17,20,17,17,16,18,16,0,16,14,14,18,15,,,,,,,,,,,"Piloto"
965,201,2024,1,16,16,18,0,19,0,12,17,17,17,17,11,0,16,14,13,,,,,,,,,,,"Piloto"
966,203,2024,1,13,15,11,18,15,13,13,15,11,10,19,17,13,0,16,17,,,,,,,,,,,"Piloto"
967,202,2024,1,10,12,8,13,16,10,14,0,13,8,9,9,11,15,17,16,,,,,,,,,,,"Piloto"
463,3,2017,5,,,,,,,,,,,,,,,,,,,,,,,,,,,"Piloto"
968,204,2024,1,15,8,10,16,18,15,10,14,15,0,8,0,15,13,12,12,,,,,,,,,,,"Piloto"
969,205,2024,1,18,0,19,11,17,19,16,18,0,18,16,18,16,17,15,0,,,,,,,,,,,"Piloto"
970,187,2024,2,7,4,8,4,6,7,2,4,7,8,7,8,6,13,18,2,,,,,,,,,,,"Piloto"
971,195,2024,2,9,7,1,6,10,8,6,5,10,4,3,10,4,4,4,8,,,,,,,,,,,"Piloto"
972,186,2024,2,2,6,6,2,2,6,5,9,5,6,9,2,5,5,12,5,,,,,,,,,,,"Piloto"
973,194,2024,2,1,3,4,7,5,3,1,2,8,3,8,6,8,7,8,7,,,,,,,,,,,"Piloto"
974,188,2024,2,8,2,3,3,1,10,7,3,0,2,1,1,10,3,2,6,,,,,,,,,,,"Piloto"
975,189,2024,2,11,0,9,9,9,4,9,8,2,9,6,9,11,12,11,9,,,,,,,,,,,"Piloto"
976,190,2024,2,3,5,13,5,11,2,3,6,9,10,2,5,2,8,5,0,,,,,,,,,,,"Piloto"
977,191,2024,2,5,8,5,10,7,5,4,0,4,5,5,7,3,6,3,4,,,,,,,,,,,"Piloto"
978,198,2024,2,15,9,7,8,4,9,8,7,6,7,4,3,1,1,0,3,,,,,,,,,,,"Piloto"
979,206,2024,2,6,1,2,1,3,1,11,1,1,1,0,4,0,2,1,1,,,,,,,,,,,"Piloto"
980,196,2024,2,14,12,15,15,15,17,14,14,17,15,11,12,7,11,13,12,,,,,,,,,,,"Piloto"
981,197,2024,2,17,15,14,16,17,16,0,16,0,16,17,17,15,20,10,13,,,,,,,,,,,"Piloto"
982,192,2024,2,16,13,12,14,16,12,10,11,14,0,15,0,13,17,6,11,,,,,,,,,,,"Piloto"
983,193,2024,2,13,0,11,17,0,15,12,10,3,0,14,11,0,9,14,16,,,,,,,,,,,"Piloto"
984,203,2024,2,4,16,18,0,13,19,16,19,13,17,18,18,14,16,0,0,,,,,,,,,,,"Piloto"
985,202,2024,2,10,10,0,12,8,0,13,15,16,13,19,15,16,15,17,10,,,,,,,,,,,"Piloto"
986,204,2024,2,0,11,10,11,12,14,15,13,12,12,10,14,17,18,7,0,,,,,,,,,,,"Piloto"
987,205,2024,2,19,17,17,13,18,18,18,18,18,18,16,19,18,19,15,17,,,,,,,,,,,"Piloto"
988,199,2024,2,18,14,19,0,19,11,0,17,15,14,13,16,9,14,16,14,,,,,,,,,,,"Piloto"
989,201,2024,2,12,18,16,18,14,13,17,12,11,11,12,13,12,10,9,15,,,,,,,,,,,"Piloto"
990,198,2024,3,2,1,0,4,7,1,3,6,3,2,6,8,0,1,10,10,,,,,,,,,,,"Piloto"
991,206,2024,3,1,0,1,1,1,3,2,1,1,1,1,4,1,5,1,1,,,,,,,,,,,"Piloto"
992,186,2024,3,3,2,2,13,11,4,1,2,9,3,14,19,18,2,2,2,,,,,,,,,,,"Piloto"
993,194,2024,3,4,3,5,14,5,0,13,9,2,7,2,3,2,4,9,8,,,,,,,,,,,"Piloto"
994,190,2024,3,13,12,8,12,2,2,4,7,5,9,7,7,5,9,11,6,,,,,,,,,,,"Piloto"
462,2,2017,5,,,,,,,,,,,,,,,,,,,,,,,,,,,"Piloto"
995,191,2024,3,18,7,7,10,8,13,7,4,8,5,9,2,11,6,8,0,,,,,,,,,,,"Piloto"
996,188,2024,3,5,6,6,9,4,16,12,3,4,4,5,1,3,3,5,3,,,,,,,,,,,"Piloto"
997,189,2024,3,11,8,9,2,3,14,8,18,10,6,13,6,6,10,4,4,,,,,,,,,,,"Piloto"
998,187,2024,3,7,4,3,8,18,7,5,14,6,0,3,0,12,7,6,5,,,,,,,,,,,"Piloto"
999,195,2024,3,6,5,4,3,6,5,6,5,7,8,4,15,4,11,3,7,,,,,,,,,,,"Piloto"
1000,192,2024,3,9,14,11,19,9,12,10,8,15,10,0,13,13,13,7,11,,,,,,,,,,,"Piloto"
1001,193,2024,3,12,9,14,5,12,6,0,17,0,11,0,5,9,8,15,9,,,,,,,,,,,"Piloto"
1002,208,2024,3,10,13,17,6,14,9,9,15,18,14,0,16,10,0,18,14,,,,,,,,,,,"Piloto"
1003,202,2024,3,8,16,12,17,10,8,16,16,17,0,12,10,7,17,0,12,,,,,,,,,,,"Piloto"
1004,204,2024,3,0,10,10,18,19,0,0,10,13,17,11,9,8,0,0,3,,,,,,,,,,,"Piloto"
1005,207,2024,3,17,19,15,7,20,18,18,19,19,15,0,14,16,16,17,18,,,,,,,,,,,"Piloto"
1006,196,2024,3,14,15,16,16,15,11,17,0,12,18,10,12,14,15,13,16,,,,,,,,,,,"Piloto"
1007,197,2024,3,16,18,19,11,16,10,14,12,14,16,0,11,0,18,16,17,,,,,,,,,,,"Piloto"
1008,199,2024,3,19,17,13,15,13,15,15,13,16,13,15,17,17,14,14,15,,,,,,,,,,,"Piloto"
1009,201,2024,3,15,11,18,0,17,17,11,11,11,12,8,18,15,12,12,13,,,,,,,,,,,"Piloto"
1010,192,2024,4,0,4,0,2,3,2,4,3,7,0,5,5,7,4,6,3,,,,,,,,,,,"Piloto"
1011,206,2024,4,1,1,1,1,1,0,0,0,1,0,1,1,1,0,18,1,,,,,,,,,,,"Piloto"
1012,186,2024,4,7,3,4,7,10,4,3,4,9,2,9,8,3,0,1,17,,,,,,,,,,,"Piloto"
1013,194,2024,4,8,6,16,17,5,13,8,5,5,6,13,12,0,2,0,6,,,,,,,,,,,"Piloto"
1014,188,2024,4,2,8,8,6,2,8,7,6,2,8,2,2,2,1,3,4,,,,,,,,,,,"Piloto"
1015,189,2024,4,5,14,0,9,6,7,0,9,3,9,8,7,4,6,11,9,,,,,,,,,,,"Piloto"
1016,187,2024,4,3,2,3,5,11,1,1,7,8,5,3,3,0,7,4,2,,,,,,,,,,,"Piloto"
1017,195,2024,4,4,7,2,3,9,6,5,8,4,3,12,4,6,5,10,7,,,,,,,,,,,"Piloto"
1018,190,2024,4,10,5,5,8,4,0,6,2,6,4,6,9,5,8,5,8,,,,,,,,,,,"Piloto"
1019,191,2024,4,6,9,6,4,7,3,2,1,0,1,4,6,8,3,2,5,,,,,,,,,,,"Piloto"
1020,209,2024,4,18,18,15,15,17,17,16,19,17,18,17,0,17,16,0,19,,,,,,,,,,,"Piloto"
1021,193,2024,4,9,15,14,14,13,16,11,13,12,10,14,10,14,10,7,10,,,,,,,,,,,"Piloto"
461,1,2017,5,,,,,,,,,,,,,,,,,,,,,,,,,,,"Piloto"
1022,208,2024,4,15,16,18,18,20,15,13,17,13,16,18,19,12,11,17,12,,,,,,,,,,,"Piloto"
1023,202,2024,4,14,17,17,19,15,14,15,15,11,12,16,17,11,9,8,0,,,,,,,,,,,"Piloto"
1024,204,2024,4,16,13,9,10,12,10,10,12,0,7,15,16,9,12,14,13,,,,,,,,,,,"Piloto"
1025,207,2024,4,17,0,11,13,19,18,12,18,14,17,0,18,15,17,15,14,,,,,,,,,,,"Piloto"
1026,199,2024,4,19,10,7,12,14,11,18,16,10,11,11,14,10,14,16,11,,,,,,,,,,,"Piloto"
1027,201,2024,4,13,11,12,11,8,9,9,11,18,13,7,15,13,13,9,15,,,,,,,,,,,"Piloto"
1028,196,2024,4,11,19,13,16,18,12,14,10,16,15,10,11,16,0,12,18,,,,,,,,,,,"Piloto"
1029,197,2024,4,12,12,10,0,16,5,17,14,15,14,0,13,18,15,13,16,,,,,,,,,,,"Piloto"
1030,192,2024,5,3,5,5,18,6,9,9,0,9,1,3,6,3,3,3,7,,,,,,,,,,,"Piloto"
1031,210,2024,5,8,10,16,8,16,8,7,8,14,9,9,8,17,12,8,3,,,,,,,,,,,"Piloto"
1032,190,2024,5,5,8,7,6,12,6,8,10,5,10,8,7,5,0,9,4,,,,,,,,,,,"Piloto"
1033,195,2024,5,4,0,9,3,13,0,6,13,11,0,7,17,2,13,6,6,,,,,,,,,,,"Piloto"
1034,206,2024,5,1,1,1,1,1,1,3,1,1,4,6,1,7,4,0,1,,,,,,,,,,,"Piloto"
1035,191,2024,5,2,3,6,4,9,2,2,6,2,2,2,3,4,7,0,5,,,,,,,,,,,"Piloto"
1036,188,2024,5,14,7,2,10,17,5,0,2,4,5,4,4,1,5,2,9,,,,,,,,,,,"Piloto"
1037,189,2024,5,7,6,8,5,10,7,5,3,7,3,1,2,0,6,13,8,,,,,,,,,,,"Piloto"
1038,186,2024,5,6,4,4,2,7,3,1,12,3,6,5,5,16,2,12,0,,,,,,,,,,,"Piloto"
1039,194,2024,5,0,2,3,7,0,4,4,16,6,7,19,9,18,1,1,2,,,,,,,,,,,"Piloto"
1040,199,2024,5,16,14,17,14,4,16,14,14,0,15,11,15,9,14,5,14,,,,,,,,,,,"Piloto"
1041,201,2024,5,18,19,15,0,0,12,16,11,18,19,14,0,0,10,10,15,,,,,,,,,,,"Piloto"
1042,204,2024,5,15,11,10,12,5,15,0,7,10,8,18,12,8,11,4,11,,,,,,,,,,,"Piloto"
1043,207,2024,5,11,13,14,0,18,18,17,5,16,14,10,16,13,19,11,18,,,,,,,,,,,"Piloto"
1044,209,2024,5,9,16,13,15,3,11,11,18,15,11,16,13,11,15,14,13,,,,,,,,,,,"Piloto"
1045,193,2024,5,10,9,11,13,14,10,13,15,8,12,12,10,6,8,16,10,,,,,,,,,,,"Piloto"
1046,196,2024,5,19,18,19,17,15,17,18,17,19,18,13,18,10,17,0,16,,,,,,,,,,,"Piloto"
1047,197,2024,5,17,17,18,16,2,19,15,19,17,16,0,19,14,18,15,19,,,,,,,,,,,"Piloto"
1048,208,2024,5,12,15,0,11,11,14,12,9,13,17,17,11,12,9,0,17,,,,,,,,,,,"Piloto"
460,65,2019,9,6,4,4,3,9,5,6,8,2,3,9,4,6,5,0,0,1,11,0,6,,5,,,,,"Piloto"
1049,202,2024,5,13,12,12,9,8,13,10,4,12,13,15,14,15,16,7,12,,,,,,,,,,,"Piloto"
1050,206,2024,6,2,1,1,1,1,1,1,7,4,0,1,2,1,2,2,0,,,,,,,,,,,"Piloto"
1051,191,2024,6,1,10,2,2,2,2,2,6,2,0,2,1,0,1,1,1,,,,,,,,,,,"Piloto"
1052,186,2024,6,4,7,3,3,0,4,8,2,14,2,5,9,8,3,11,2,,,,,,,,,,,"Piloto"
1053,194,2024,6,3,3,6,9,5,3,5,1,1,1,6,4,2,5,0,4,,,,,,,,,,,"Piloto"
1054,188,2024,6,8,2,15,4,3,7,0,5,3,3,0,5,3,4,7,7,,,,,,,,,,,"Piloto"
1055,189,2024,6,5,4,4,6,4,14,6,3,5,4,4,3,4,7,0,3,,,,,,,,,,,"Piloto"
1056,199,2024,6,6,9,5,7,15,8,3,8,6,6,7,16,11,13,4,6,,,,,,,,,,,"Piloto"
1057,210,2024,6,7,6,9,0,6,6,4,10,7,11,3,0,6,14,3,0,,,,,,,,,,,"Piloto"
1058,190,2024,6,17,8,13,8,8,5,9,9,0,5,9,6,13,17,9,9,,,,,,,,,,,"Piloto"
1059,195,2024,6,9,5,8,5,7,12,7,4,0,14,8,7,0,6,5,5,,,,,,,,,,,"Piloto"
1060,204,2024,6,18,0,17,10,13,11,15,0,11,9,12,17,16,10,13,13,,,,,,,,,,,"Piloto"
1061,207,2024,6,12,18,18,16,17,13,13,14,9,13,10,11,12,11,10,14,,,,,,,,,,,"Piloto"
1062,209,2024,6,11,0,7,11,12,16,10,17,8,16,14,15,18,19,14,12,,,,,,,,,,,"Piloto"
1063,193,2024,6,0,12,12,12,9,0,11,11,12,7,11,0,15,15,17,15,,,,,,,,,,,"Piloto"
1064,208,2024,6,10,13,0,14,14,9,12,16,13,10,17,18,5,12,15,8,,,,,,,,,,,"Piloto"
1065,202,2024,6,0,11,11,19,18,0,17,12,10,8,19,8,17,8,12,10,,,,,,,,,,,"Piloto"
1066,211,2024,6,16,15,14,18,11,10,14,15,16,17,16,14,10,18,16,11,,,,,,,,,,,"Piloto"
1067,201,2024,6,13,16,10,13,10,15,16,19,17,18,15,10,14,9,8,16,,,,,,,,,,,"Piloto"
1068,196,2024,6,15,17,16,15,19,17,0,13,18,15,18,13,9,20,18,18,,,,,,,,,,,"Piloto"
1069,197,2024,6,14,14,0,17,16,18,18,18,15,12,13,12,7,16,6,17,,,,,,,,,,,"Piloto"
1070,206,2024,7,1,1,1,1,1,1,2,1,1,1,1,1,1,1,1,2,,,,,,,,,,,"Piloto"
1071,204,2024,7,2,0,2,2,2,4,1,2,2,10,2,3,2,2,6,1,,,,,,,,,,,"Piloto"
1072,186,2024,7,3,2,6,6,3,3,5,3,4,7,17,4,9,0,9,8,,,,,,,,,,,"Piloto"
1073,194,2024,7,4,7,3,3,4,5,7,4,18,17,13,7,4,6,4,7,,,,,,,,,,,"Piloto"
1074,188,2024,7,12,6,9,10,5,0,9,6,5,14,5,2,8,5,2,6,,,,,,,,,,,"Piloto"
1075,189,2024,7,0,0,17,9,0,8,0,8,7,9,3,5,3,4,8,5,,,,,,,,,,,"Piloto"
459,64,2019,9,7,11,11,0,13,18,9,12,13,11,4,1,3,4,5,3,12,3,10,3,,2,,,,,"Piloto"
1076,199,2024,7,8,4,0,12,6,7,10,10,8,11,19,6,7,18,5,0,,,,,,,,,,,"Piloto"
1077,210,2024,7,5,3,0,5,8,6,3,14,6,4,4,9,0,8,3,4,,,,,,,,,,,"Piloto"
1078,190,2024,7,14,8,4,0,10,2,8,7,10,6,10,14,5,7,13,9,,,,,,,,,,,"Piloto"
1079,195,2024,7,7,5,11,4,7,12,4,5,3,16,14,0,6,3,7,3,,,,,,,,,,,"Piloto"
1080,208,2024,7,6,13,5,7,9,11,6,9,0,8,11,10,11,9,0,14,,,,,,,,,,,"Piloto"
1081,202,2024,7,11,18,7,8,16,9,15,12,9,12,9,13,10,13,14,13,,,,,,,,,,,"Piloto"
1082,209,2024,7,13,14,8,19,15,17,17,17,11,5,16,8,12,14,17,10,,,,,,,,,,,"Piloto"
1083,193,2024,7,10,10,18,13,13,14,16,13,16,13,12,11,13,12,10,12,,,,,,,,,,,"Piloto"
1084,196,2024,7,19,16,16,18,18,19,19,0,12,3,18,19,17,19,18,19,,,,,,,,,,,"Piloto"
1085,197,2024,7,18,17,15,11,14,10,12,18,19,18,15,18,18,15,16,18,,,,,,,,,,,"Piloto"
1086,205,2024,7,16,15,13,17,17,16,14,16,15,15,8,16,0,10,11,11,,,,,,,,,,,"Piloto"
1087,212,2024,7,15,9,12,14,19,18,18,19,13,19,0,17,16,17,12,15,,,,,,,,,,,"Piloto"
1088,211,2024,7,9,11,10,15,11,13,11,15,17,0,7,12,14,16,15,16,,,,,,,,,,,"Piloto"
1089,201,2024,7,17,12,14,16,12,15,13,11,14,2,6,15,15,11,19,17,,,,,,,,,,,"Piloto"
1090,189,2024,8,10,1,2,2,3,1,2,3,11,2,1,2,3,1,1,2,,,,,,,,,,,"Piloto"
1091,204,2024,8,2,4,1,3,2,2,1,2,1,3,3,1,2,13,2,1,,,,,,,,,,,"Piloto"
1092,186,2024,8,3,8,5,5,0,3,5,5,9,6,6,5,4,9,7,4,,,,,,,,,,,"Piloto"
1093,194,2024,8,4,2,3,7,4,0,9,15,2,12,8,7,10,6,6,0,,,,,,,,,,,"Piloto"
1094,188,2024,8,9,0,6,9,12,8,4,8,5,0,4,3,5,3,10,6,,,,,,,,,,,"Piloto"
1095,206,2024,8,1,3,0,1,1,0,3,1,3,1,2,0,1,2,3,3,,,,,,,,,,,"Piloto"
1096,199,2024,8,6,9,8,4,16,5,12,14,6,4,9,12,12,4,5,10,,,,,,,,,,,"Piloto"
1097,210,2024,8,8,7,7,0,6,7,6,4,17,7,10,4,9,5,15,7,,,,,,,,,,,"Piloto"
1098,190,2024,8,7,6,11,6,15,6,7,12,4,8,7,14,14,15,9,5,,,,,,,,,,,"Piloto"
1099,195,2024,8,0,5,4,11,7,4,8,6,7,5,5,6,8,7,16,9,,,,,,,,,,,"Piloto"
1100,208,2024,8,12,10,12,13,8,9,14,10,16,10,11,19,7,17,11,8,,,,,,,,,,,"Piloto"
1101,214,2024,8,11,11,13,12,0,11,13,9,15,15,13,16,0,8,14,11,,,,,,,,,,,"Piloto"
1102,211,2024,8,19,14,14,16,11,13,15,13,10,14,19,11,11,14,17,14,,,,,,,,,,,"Piloto"
458,63,2019,9,1,1,2,1,1,1,1,1,0,1,1,0,1,1,1,1,9,1,1,1,,1,,,,,"Piloto"
1103,201,2024,8,18,18,17,15,19,17,16,19,19,18,18,13,17,20,18,17,,,,,,,,,,,"Piloto"
1104,209,2024,8,5,17,9,8,10,14,10,7,8,11,14,8,13,11,8,16,,,,,,,,,,,"Piloto"
1105,193,2024,8,16,12,10,10,9,10,11,16,12,9,12,10,6,16,0,15,,,,,,,,,,,"Piloto"
1106,196,2024,8,17,19,0,17,14,15,17,17,14,19,16,18,15,18,12,0,,,,,,,,,,,"Piloto"
1107,197,2024,8,15,16,18,18,17,18,19,0,18,17,17,17,18,19,13,18,,,,,,,,,,,"Piloto"
1108,205,2024,8,14,13,15,0,13,12,18,18,13,16,0,9,0,10,0,13,,,,,,,,,,,"Piloto"
1109,212,2024,8,13,15,16,14,18,16,0,11,0,13,15,15,16,12,4,12,,,,,,,,,,,"Piloto"
1110,202,2024,9,0,2,10,4,3,0,2,2,3,7,1,0,0,0,0,0,,,,,,,,,,,"Piloto"
1111,204,2024,9,3,3,2,3,2,1,0,1,2,4,3,3,0,0,0,0,,,,,,,,,,,"Piloto"
1112,188,2024,9,2,4,5,1,4,2,12,0,4,1,2,2,0,0,0,0,,,,,,,,,,,"Piloto"
1113,206,2024,9,1,1,1,2,1,3,1,6,1,2,0,1,0,0,0,0,,,,,,,,,,,"Piloto"
1114,186,2024,9,10,17,4,0,8,4,5,0,18,12,4,6,0,0,0,0,,,,,,,,,,,"Piloto"
1115,194,2024,9,9,9,7,5,5,5,6,9,6,3,6,8,0,0,0,0,,,,,,,,,,,"Piloto"
1116,190,2024,9,4,7,8,8,0,13,10,4,5,13,5,12,0,0,0,0,,,,,,,,,,,"Piloto"
1117,195,2024,9,7,5,13,7,17,10,4,7,7,5,10,7,0,0,0,0,,,,,,,,,,,"Piloto"
1118,199,2024,9,8,8,0,9,6,7,3,5,16,0,8,5,0,0,0,0,,,,,,,,,,,"Piloto"
1119,210,2024,9,12,6,3,6,11,11,7,3,14,15,7,4,0,0,0,0,,,,,,,,,,,"Piloto"
1120,209,2024,9,16,11,6,0,14,15,9,17,9,19,12,15,0,0,0,0,,,,,,,,,,,"Piloto"
1121,193,2024,9,0,12,16,10,9,9,0,16,15,10,15,0,0,0,0,0,,,,,,,,,,,"Piloto"
1122,208,2024,9,5,13,11,12,13,12,15,10,10,6,13,14,0,0,0,0,,,,,,,,,,,"Piloto"
1123,214,2024,9,6,14,18,13,15,6,8,8,11,14,19,11,0,0,0,0,,,,,,,,,,,"Piloto"
1124,205,2024,9,14,0,15,17,0,14,16,14,12,18,9,10,0,0,0,0,,,,,,,,,,,"Piloto"
1125,212,2024,9,18,10,9,15,12,19,13,18,8,11,11,9,0,0,0,0,,,,,,,,,,,"Piloto"
1126,211,2024,9,15,15,12,11,10,17,11,13,13,9,17,13,0,0,0,0,,,,,,,,,,,"Piloto"
1127,201,2024,9,11,18,14,14,7,16,14,15,17,16,14,17,0,0,0,0,,,,,,,,,,,"Piloto"
1128,196,2024,9,17,19,17,16,16,18,18,12,19,8,16,16,0,0,0,0,,,,,,,,,,,"Piloto"
1129,197,2024,9,13,16,19,0,18,8,17,11,0,17,18,18,0,0,0,0,,,,,,,,,,,"Piloto"
457,62,2019,9,0,0,0,0,0,0,0,0,0,0,0,0,0,0,0,0,0,0,0,0,,0,,,,,"Piloto"
1130,223,2025,1,2,1,4,5,1,1,7,7,1,1,16,3,1,2,3,0,,,,,,,,,,,"Piloto"
1131,224,2025,1,6,3,0,4,6,4,14,5,0,4,0,6,3,6,5,3,,,,,,,,,,,"Piloto"
1132,217,2025,1,4,0,3,3,3,0,3,2,3,3,1,1,2,5,8,2,,,,,,,,,,,"Piloto"
1133,218,2025,1,14,4,1,6,7,3,1,4,7,5,4,5,5,8,2,5,,,,,,,,,,,"Piloto"
1134,215,2025,1,3,2,2,1,4,5,2,1,2,0,2,2,4,1,14,1,,,,,,,,,,,"Piloto"
1135,216,2025,1,16,16,6,0,18,6,15,18,4,8,9,8,6,18,0,11,,,,,,,,,,,"Piloto"
1136,219,2025,1,1,0,7,2,11,2,4,3,5,2,3,4,7,9,1,14,,,,,,,,,,,"Piloto"
1137,220,2025,1,5,6,9,10,9,7,13,8,6,17,15,7,0,0,18,10,,,,,,,,,,,"Piloto"
1138,227,2025,1,8,5,11,9,10,0,6,15,8,15,18,0,8,3,12,4,,,,,,,,,,,"Piloto"
1139,228,2025,1,12,10,10,11,16,12,17,11,15,9,17,10,12,12,10,7,,,,,,,,,,,"Piloto"
1140,221,2025,1,0,7,8,13,14,15,10,14,10,18,11,0,11,4,6,6,,,,,,,,,,,"Piloto"
1141,222,2025,1,15,8,17,15,0,16,18,17,17,19,13,17,16,13,17,12,,,,,,,,,,,"Piloto"
1142,229,2025,1,13,12,12,14,8,9,11,9,9,10,6,12,9,0,7,9,,,,,,,,,,,"Piloto"
1143,230,2025,1,11,17,14,12,5,10,0,16,16,12,8,15,14,11,19,15,,,,,,,,,,,"Piloto"
1144,231,2025,1,18,18,16,18,12,17,19,12,18,16,10,16,17,16,15,17,,,,,,,,,,,"Piloto"
1145,232,2025,1,17,13,5,19,17,14,8,10,14,14,12,14,0,14,16,13,,,,,,,,,,,"Piloto"
1146,234,2025,1,10,9,13,7,13,8,16,13,11,11,7,18,13,10,9,8,,,,,,,,,,,"Piloto"
1147,233,2025,1,7,14,0,17,19,11,9,0,12,7,19,11,10,7,11,0,,,,,,,,,,,"Piloto"
1148,226,2025,1,19,15,15,16,15,13,12,0,13,6,14,13,15,17,13,18,,,,,,,,,,,"Piloto"
1149,235,2025,1,9,11,0,8,2,0,5,6,0,13,5,9,0,15,4,16,,,,,,,,,,,"Piloto"
1150,217,2025,2,4,9,3,8,2,4,3,3,7,4,0,1,1,1,2,2,,,,,,,,,,,"Piloto"
1151,218,2025,2,3,0,11,10,7,8,4,9,4,6,3,16,6,6,1,6,,,,,,,,,,,"Piloto"
1152,223,2025,2,1,1,1,1,1,1,1,2,1,3,0,4,2,0,4,1,,,,,,,,,,,"Piloto"
1153,224,2025,2,2,5,5,2,3,2,0,6,2,1,2,2,3,4,3,3,,,,,,,,,,,"Piloto"
1154,232,2025,2,10,13,8,7,9,0,7,12,10,12,13,7,4,12,8,8,,,,,,,,,,,"Piloto"
1155,225,2025,2,9,11,9,5,12,9,14,13,8,8,11,3,11,10,9,9,,,,,,,,,,,"Piloto"
1156,219,2025,2,5,7,2,4,6,6,5,4,3,7,1,10,0,2,11,5,,,,,,,,,,,"Piloto"
456,61,2019,9,10,10,13,8,8,7,0,11,11,10,7,16,10,11,17,12,10,12,0,14,,12,,,,,"Piloto"
1157,220,2025,2,16,8,6,0,15,10,12,8,12,9,4,11,10,11,13,13,,,,,,,,,,,"Piloto"
1158,215,2025,2,0,3,4,3,5,3,2,1,6,0,5,0,5,3,5,0,,,,,,,,,,,"Piloto"
1159,228,2025,2,13,6,10,9,11,11,10,11,16,13,12,9,18,13,16,12,,,,,,,,,,,"Piloto"
1160,226,2025,2,12,15,12,18,14,13,13,15,17,0,8,8,14,17,14,16,,,,,,,,,,,"Piloto"
1161,235,2025,2,7,2,16,19,8,0,8,0,19,2,0,13,9,14,0,0,,,,,,,,,,,"Piloto"
1162,234,2025,2,8,4,7,6,4,7,6,5,0,11,9,12,8,7,12,7,,,,,,,,,,,"Piloto"
1163,233,2025,2,11,12,13,11,16,5,18,7,5,10,6,6,12,5,7,4,,,,,,,,,,,"Piloto"
1164,221,2025,2,6,14,17,13,10,12,9,17,9,15,14,0,0,8,15,14,,,,,,,,,,,"Piloto"
1165,222,2025,2,14,16,0,12,17,17,16,0,15,17,17,17,13,18,17,15,,,,,,,,,,,"Piloto"
1166,229,2025,2,0,10,15,14,13,14,11,10,11,5,10,5,7,9,6,10,,,,,,,,,,,"Piloto"
1167,230,2025,2,15,18,18,15,19,15,0,14,13,16,7,14,15,15,10,11,,,,,,,,,,,"Piloto"
1168,231,2025,2,17,0,0,17,18,16,15,16,14,14,15,15,17,16,18,18,,,,,,,,,,,"Piloto"
1169,236,2025,2,18,17,14,16,20,18,17,0,18,0,16,18,16,19,19,17,,,,,,,,,,,"Piloto"
1170,223,2025,3,4,2,3,1,3,1,5,2,1,2,0,1,3,2,3,4,,,,,,,,,,,"Piloto"
1171,224,2025,3,2,6,0,3,5,2,2,4,2,0,0,6,2,10,4,8,,,,,,,,,,,"Piloto"
1172,217,2025,3,6,1,1,9,2,3,0,3,3,3,1,0,8,3,1,1,,,,,,,,,,,"Piloto"
1173,235,2025,3,1,3,4,4,1,4,1,1,5,1,5,3,1,1,2,2,,,,,,,,,,,"Piloto"
1174,219,2025,3,5,7,12,5,0,8,12,7,6,9,2,7,5,5,9,5,,,,,,,,,,,"Piloto"
1175,220,2025,3,10,0,9,11,11,17,13,5,0,0,7,14,7,13,0,7,,,,,,,,,,,"Piloto"
1176,215,2025,3,3,4,5,6,4,10,0,0,7,4,12,2,4,4,5,3,,,,,,,,,,,"Piloto"
1177,216,2025,3,0,10,16,7,9,6,3,11,10,5,0,5,6,14,6,6,,,,,,,,,,,"Piloto"
1178,234,2025,3,11,5,11,2,7,7,4,15,8,10,11,12,13,7,13,9,,,,,,,,,,,"Piloto"
1179,233,2025,3,12,8,10,8,6,5,6,6,4,12,14,4,9,6,11,14,,,,,,,,,,,"Piloto"
1180,232,2025,3,8,19,7,16,14,16,9,13,15,14,10,18,15,19,18,0,,,,,,,,,,,"Piloto"
1181,225,2025,3,7,12,6,14,15,12,18,10,16,18,0,11,12,16,16,19,,,,,,,,,,,"Piloto"
1182,226,2025,3,16,15,15,12,18,11,8,16,0,8,8,10,0,15,8,11,,,,,,,,,,,"Piloto"
1183,228,2025,3,17,16,19,13,12,13,14,14,14,11,4,13,18,18,0,17,,,,,,,,,,,"Piloto"
455,60,2019,9,4,5,8,16,4,20,3,5,7,4,0,8,9,6,2,8,5,8,5,11,,17,,,,,"Piloto"
1184,229,2025,3,0,13,8,10,8,0,7,8,9,6,9,9,10,8,10,10,,,,,,,,,,,"Piloto"
1185,230,2025,3,0,9,2,15,13,9,10,9,12,7,3,8,0,11,7,13,,,,,,,,,,,"Piloto"
1186,221,2025,3,9,11,13,0,10,15,11,17,11,17,6,0,11,9,15,12,,,,,,,,,,,"Piloto"
1187,222,2025,3,14,18,14,17,16,14,15,12,13,13,13,15,16,20,12,15,,,,,,,,,,,"Piloto"
1188,231,2025,3,13,17,17,19,17,18,16,18,18,15,15,16,14,12,14,16,,,,,,,,,,,"Piloto"
1189,236,2025,3,15,14,18,18,19,19,17,19,17,16,16,17,17,17,17,18,,,,,,,,,,,"Piloto"
1190,217,2025,4,7,4,0,4,3,2,9,2,4,3,5,1,2,3,11,0,,,,,,,,,,,"Piloto"
1191,235,2025,4,1,1,3,1,1,0,1,1,0,1,2,4,3,2,1,0,,,,,,,,,,,"Piloto"
1192,223,2025,4,2,3,1,3,8,3,2,3,1,5,4,9,1,1,4,0,,,,,,,,,,,"Piloto"
1193,224,2025,4,14,5,2,2,2,4,4,4,3,4,1,6,5,5,7,0,,,,,,,,,,,"Piloto"
1194,215,2025,4,8,2,0,5,4,1,5,5,2,2,10,2,4,6,2,0,,,,,,,,,,,"Piloto"
1195,216,2025,4,6,7,8,10,5,5,6,12,10,0,0,12,7,7,6,0,,,,,,,,,,,"Piloto"
1196,234,2025,4,3,8,4,16,9,7,8,11,0,7,11,3,13,17,9,0,,,,,,,,,,,"Piloto"
1197,233,2025,4,5,6,6,13,7,16,10,0,8,12,9,8,0,8,3,0,,,,,,,,,,,"Piloto"
1198,219,2025,4,12,11,5,6,0,6,3,6,6,0,7,5,15,4,5,0,,,,,,,,,,,"Piloto"
1199,220,2025,4,4,0,13,7,11,0,7,14,5,6,3,7,10,12,8,0,,,,,,,,,,,"Piloto"
1200,226,2025,4,9,10,9,9,15,15,12,13,7,13,8,16,17,15,12,0,,,,,,,,,,,"Piloto"
1201,230,2025,4,16,9,10,0,13,8,0,7,11,8,19,10,9,13,0,0,,,,,,,,,,,"Piloto"
1202,237,2025,4,18,16,18,14,16,13,15,16,17,15,16,19,18,19,15,0,,,,,,,,,,,"Piloto"
1203,228,2025,4,0,18,11,12,12,14,17,17,16,14,12,0,19,0,17,0,,,,,,,,,,,"Piloto"
1204,232,2025,4,15,13,7,11,18,12,16,10,12,16,13,14,6,16,13,0,,,,,,,,,,,"Piloto"
1205,229,2025,4,11,19,12,17,6,10,11,8,9,9,6,11,8,10,10,0,,,,,,,,,,,"Piloto"
1206,221,2025,4,10,14,17,8,14,9,14,18,13,10,15,17,11,9,16,0,,,,,,,,,,,"Piloto"
1207,222,2025,4,13,12,14,18,10,11,13,9,14,11,17,15,16,11,14,0,,,,,,,,,,,"Piloto"
1208,231,2025,4,17,15,15,15,0,18,18,15,18,17,14,13,12,14,18,0,,,,,,,,,,,"Piloto"
1209,236,2025,4,0,17,16,19,17,17,19,19,15,18,18,18,14,18,0,0,,,,,,,,,,,"Piloto"
1210,217,2025,5,1,2,1,2,2,1,3,3,0,1,2,1,2,1,2,2,,,,,,,,,,,"Piloto"
454,59,2019,9,5,9,5,6,0,11,12,9,4,14,0,3,7,10,12,5,6,10,17,8,,6,,,,,"Piloto"
1211,235,2025,5,2,1,2,1,1,3,1,1,0,0,1,2,1,2,1,1,,,,,,,,,,,"Piloto"
1212,223,2025,5,3,3,6,0,5,4,14,0,1,3,3,3,3,8,3,3,,,,,,,,,,,"Piloto"
1213,224,2025,5,4,4,9,4,10,6,6,7,2,4,4,5,17,5,8,5,,,,,,,,,,,"Piloto"
1214,215,2025,5,5,7,3,0,3,2,10,2,3,2,0,9,6,6,5,4,,,,,,,,,,,"Piloto"
1215,216,2025,5,9,10,4,11,14,5,4,4,5,8,11,15,10,4,17,7,,,,,,,,,,,"Piloto"
1216,219,2025,5,10,0,20,15,7,10,2,6,4,6,7,0,4,3,0,6,,,,,,,,,,,"Piloto"
1217,220,2025,5,6,5,5,3,4,8,8,5,0,7,6,4,5,9,6,8,,,,,,,,,,,"Piloto"
1218,234,2025,5,8,14,13,5,9,7,13,8,9,13,8,7,16,0,7,14,,,,,,,,,,,"Piloto"
1219,233,2025,5,16,6,8,7,13,11,12,14,7,15,12,16,11,17,13,0,,,,,,,,,,,"Piloto"
1220,232,2025,5,11,16,15,10,18,0,9,10,10,11,10,18,8,10,4,12,,,,,,,,,,,"Piloto"
1221,229,2025,5,20,9,10,8,11,12,11,13,6,5,5,8,7,12,18,16,,,,,,,,,,,"Piloto"
1222,226,2025,5,12,15,7,12,16,13,16,11,11,12,9,10,0,14,10,10,,,,,,,,,,,"Piloto"
1223,230,2025,5,13,11,12,6,6,9,0,9,8,10,16,6,14,13,11,9,,,,,,,,,,,"Piloto"
1224,221,2025,5,7,12,14,9,8,18,7,12,12,16,0,12,18,7,12,0,,,,,,,,,,,"Piloto"
1225,222,2025,5,14,8,11,13,12,16,17,16,13,9,0,13,9,11,9,17,,,,,,,,,,,"Piloto"
1226,231,2025,5,19,17,17,17,17,19,19,17,14,17,15,11,15,16,15,13,,,,,,,,,,,"Piloto"
1227,236,2025,5,15,18,18,16,19,17,0,0,15,19,14,0,13,15,19,15,,,,,,,,,,,"Piloto"
1228,237,2025,5,18,0,16,14,15,15,15,15,16,14,13,14,12,18,16,11,,,,,,,,,,,"Piloto"
1229,228,2025,5,17,13,19,18,20,14,18,18,17,18,17,17,0,19,14,18,,,,,,,,,,,"Piloto"
1230,217,2025,6,6,1,0,0,0,0,0,0,0,0,0,0,0,0,0,0,,,,,,,,,,,"Piloto"
1231,235,2025,6,1,2,0,0,0,0,0,0,0,0,0,0,0,0,0,0,,,,,,,,,,,"Piloto"
1232,223,2025,6,3,4,0,0,0,0,0,0,0,0,0,0,0,0,0,0,,,,,,,,,,,"Piloto"
1233,224,2025,6,5,5,0,0,0,0,0,0,0,0,0,0,0,0,0,0,,,,,,,,,,,"Piloto"
1234,215,2025,6,4,15,0,0,0,0,0,0,0,0,0,0,0,0,0,0,,,,,,,,,,,"Piloto"
1235,216,2025,6,10,10,0,0,0,0,0,0,0,0,0,0,0,0,0,0,,,,,,,,,,,"Piloto"
1236,219,2025,6,7,7,0,0,0,0,0,0,0,0,0,0,0,0,0,0,,,,,,,,,,,"Piloto"
1237,220,2025,6,2,8,0,0,0,0,0,0,0,0,0,0,0,0,0,0,,,,,,,,,,,"Piloto"
453,58,2019,9,9,18,15,10,10,16,14,17,16,13,18,14,15,15,13,15,7,13,12,10,,11,,,,,"Piloto"
1238,232,2025,6,9,6,0,0,0,0,0,0,0,0,0,0,0,0,0,0,,,,,,,,,,,"Piloto"
1239,229,2025,6,8,3,0,0,0,0,0,0,0,0,0,0,0,0,0,0,,,,,,,,,,,"Piloto"
1240,236,2025,6,16,17,0,0,0,0,0,0,0,0,0,0,0,0,0,0,,,,,,,,,,,"Piloto"
1241,233,2025,6,14,19,0,0,0,0,0,0,0,0,0,0,0,0,0,0,,,,,,,,,,,"Piloto"
1242,226,2025,6,17,12,0,0,0,0,0,0,0,0,0,0,0,0,0,0,,,,,,,,,,,"Piloto"
1243,230,2025,6,15,14,0,0,0,0,0,0,0,0,0,0,0,0,0,0,,,,,,,,,,,"Piloto"
1244,221,2025,6,11,9,0,0,0,0,0,0,0,0,0,0,0,0,0,0,,,,,,,,,,,"Piloto"
1245,222,2025,6,12,13,0,0,0,0,0,0,0,0,0,0,0,0,0,0,,,,,,,,,,,"Piloto"
1246,231,2025,6,18,18,0,0,0,0,0,0,0,0,0,0,0,0,0,0,,,,,,,,,,,"Piloto"
1247,238,2025,6,13,16,0,0,0,0,0,0,0,0,0,0,0,0,0,0,,,,,,,,,,,"Piloto"
1248,237,2025,6,19,11,0,0,0,0,0,0,0,0,0,0,0,0,0,0,,,,,,,,,,,"Piloto"
1249,228,2025,6,20,20,0,0,0,0,0,0,0,0,0,0,0,0,0,0,,,,,,,,,,,"Piloto"
452,57,2019,9,16,19,17,15,18,17,17,15,17,19,16,19,17,18,19,19,13,14,15,19,,0,,,,,"Piloto"
451,56,2019,9,0,0,0,0,0,0,0,0,0,0,0,0,0,0,0,0,0,0,0,0,,0,,,,,"Piloto"
450,55,2019,9,15,14,14,0,14,15,13,19,14,15,14,9,2,9,9,7,4,6,3,4,,7,,,,,"Piloto"
449,54,2019,9,14,12,12,9,11,8,7,10,8,9,6,12,8,8,11,10,8,0,0,13,,18,,,,,"Piloto"
448,53,2019,9,0,6,9,11,19,4,8,2,5,6,2,5,13,2,6,9,3,4,4,5,,3,,,,,"Piloto"
447,52,2019,9,2,2,1,2,2,2,2,0,3,2,5,2,4,3,4,4,0,2,11,2,,4,,,,,"Piloto"
446,51,2019,9,0,0,0,0,0,0,0,0,0,0,0,0,0,0,0,0,0,0,0,0,,0,,,,,"Piloto"
445,50,2019,9,3,7,6,4,6,19,5,3,6,7,8,7,5,0,8,6,16,7,2,9,,10,,,,,"Piloto"
444,49,2019,9,12,13,10,0,7,10,10,4,10,12,12,11,11,13,7,13,11,16,9,16,,14,,,,,"Piloto"
443,48,2019,9,18,17,20,17,17,14,18,16,18,16,17,13,18,19,14,16,14,18,14,17,,16,,,,,"Piloto"
442,47,2019,9,0,3,3,7,3,6,4,6,1,5,15,6,0,7,3,2,2,5,6,7,,8,,,,,"Piloto"
441,46,2019,9,13,0,18,13,15,9,16,14,19,18,10,15,14,16,16,18,0,15,7,18,,13,,,,,"Piloto"
440,45,2019,9,8,8,7,5,5,3,11,7,9,8,3,10,12,12,10,11,15,0,8,12,,9,,,,,"Piloto"
439,44,2019,9,17,16,19,12,16,13,19,13,15,17,13,18,16,17,18,17,0,17,16,15,,15,,,,,"Piloto"
438,43,2019,9,11,15,16,14,12,12,15,18,12,0,11,17,19,14,15,14,17,9,13,0,,0,,,,,"Piloto"
437,65,2019,8,4,1,6,4,3,3,2,1,2,4,5,2,2,6,9,5,6,2,3,6,,0,,,,,"Piloto"
436,64,2019,8,9,6,1,2,2,2,7,5,11,2,2,4,0,2,5,6,8,5,2,11,,3,,,,,"Piloto"
435,63,2019,8,1,8,3,1,1,0,1,7,1,1,4,6,1,0,1,1,9,0,1,1,,0,,,,,"Piloto"
434,62,2019,8,0,0,0,0,0,0,0,0,0,0,0,0,0,0,0,0,0,0,0,0,,0,,,,,"Piloto"
433,61,2019,8,19,18,15,17,16,19,19,16,18,19,18,17,18,18,18,17,17,19,15,20,,16,,,,,"Piloto"
432,60,2019,8,0,14,12,9,8,17,8,12,12,10,6,10,13,16,14,0,12,13,13,12,,13,,,,,"Piloto"
431,59,2019,8,12,11,0,11,13,11,17,13,0,13,7,15,15,11,10,16,13,18,17,14,,7,,,,,"Piloto"
430,58,2019,8,10,2,4,12,15,5,15,2,17,5,15,9,4,5,3,8,4,8,14,5,,11,,,,,"Piloto"
429,57,2019,8,13,5,5,15,9,16,0,0,9,12,10,8,11,4,2,3,1,6,5,10,,1,,,,,"Piloto"
428,56,2019,8,0,0,0,0,0,0,0,0,0,0,0,0,0,0,0,0,0,0,0,0,,0,,,,,"Piloto"
427,55,2019,8,11,16,0,0,10,14,11,14,16,11,12,14,6,10,15,11,11,12,10,8,,6,,,,,"Piloto"
426,54,2019,8,18,17,13,0,12,7,18,15,13,9,14,12,14,9,6,14,15,15,0,15,,8,,,,,"Piloto"
425,53,2019,8,2,0,2,18,0,4,4,9,5,16,1,7,5,8,19,13,14,1,4,2,,5,,,,,"Piloto"
424,52,2019,8,5,10,9,5,4,18,9,6,7,3,9,1,3,1,12,2,5,10,0,4,,4,,,,,"Piloto"
423,51,2019,8,0,0,0,0,0,0,0,0,0,0,0,0,0,0,0,0,0,0,0,0,,0,,,,,"Piloto"
422,50,2019,8,15,13,10,8,7,8,12,17,15,0,16,19,10,15,13,18,10,16,9,13,,17,,,,,"Piloto"
421,49,2019,8,17,15,16,13,19,9,13,18,19,18,19,18,16,19,17,0,0,17,18,19,,10,,,,,"Piloto"
420,48,2019,8,8,9,8,10,5,12,10,11,6,8,3,11,0,13,16,9,16,7,11,16,,14,,,,,"Piloto"
419,47,2019,8,6,4,7,14,6,10,3,4,10,6,17,5,8,12,8,7,3,3,8,17,,15,,,,,"Piloto"
418,46,2019,8,7,12,17,6,14,1,16,10,8,15,8,3,9,7,7,12,18,4,7,7,,0,,,,,"Piloto"
417,45,2019,8,16,19,14,16,18,13,14,0,14,17,13,16,17,17,4,15,0,14,12,18,,12,,,,,"Piloto"
416,44,2019,8,3,3,11,7,11,15,6,3,4,7,0,0,7,3,0,4,2,9,16,3,,2,,,,,"Piloto"
415,43,2019,8,14,7,18,3,17,6,5,8,3,14,11,13,12,14,11,10,7,11,6,9,,9,,,,,"Piloto"
414,65,2019,7,3,2,1,2,6,6,2,1,3,8,1,9,2,0,7,7,10,2,8,6,,13,,,,,"Piloto"
413,64,2019,7,4,1,5,13,2,3,15,5,12,6,10,3,5,5,1,4,5,12,12,5,,18,,,,,"Piloto"
412,63,2019,7,1,11,2,0,1,1,1,2,2,1,2,0,1,1,0,1,3,1,1,1,,0,,,,,"Piloto"
411,62,2019,7,0,0,0,0,0,0,0,0,0,0,0,0,0,0,0,0,0,0,0,0,,0,,,,,"Piloto"
410,61,2019,7,0,19,20,0,16,19,17,18,19,17,17,17,15,15,19,20,18,16,19,17,,11,,,,,"Piloto"
409,60,2019,7,13,4,8,12,5,5,9,17,11,9,13,8,7,4,14,13,7,13,10,12,,5,,,,,"Piloto"
408,59,2019,7,17,15,17,10,0,7,16,13,16,15,20,16,12,14,16,12,13,18,13,10,,10,,,,,"Piloto"
407,58,2019,7,11,0,12,1,7,16,8,9,8,2,14,7,3,11,8,3,15,10,7,8,,14,,,,,"Piloto"
406,57,2019,7,6,5,6,4,13,13,0,12,5,11,7,6,11,13,17,9,8,9,9,14,,15,,,,,"Piloto"
405,56,2019,7,0,0,0,0,0,0,0,0,0,0,0,0,0,0,0,0,0,0,0,0,,0,,,,,"Piloto"
404,55,2019,7,18,10,18,16,10,18,12,15,0,16,11,10,6,9,11,17,16,0,16,11,,0,,,,,"Piloto"
403,54,2019,7,15,13,15,3,17,0,14,16,9,0,19,12,14,10,13,14,17,14,18,15,,17,,,,,"Piloto"
402,53,2019,7,14,7,11,0,9,12,10,8,15,13,9,5,10,2,18,18,6,4,11,20,,4,,,,,"Piloto"
401,52,2019,7,2,6,7,6,15,14,11,10,14,10,3,11,9,8,9,10,14,3,3,4,,12,,,,,"Piloto"
400,51,2019,7,0,0,0,0,0,0,0,0,0,0,0,0,0,0,0,0,0,0,0,0,,0,,,,,"Piloto"
399,50,2019,7,12,12,13,9,14,17,13,14,13,14,12,14,18,18,12,15,19,15,17,13,,7,,,,,"Piloto"
398,49,2019,7,0,17,16,17,18,11,0,0,17,18,18,15,19,17,15,16,20,0,15,19,,9,,,,,"Piloto"
397,48,2019,7,10,9,9,11,12,9,7,3,7,5,16,0,16,0,10,6,9,11,0,16,,8,,,,,"Piloto"
396,47,2019,7,8,8,19,7,8,10,5,6,6,12,4,18,0,6,4,11,4,7,4,7,,3,,,,,"Piloto"
395,46,2019,7,5,16,4,8,4,4,6,11,10,7,6,4,8,7,3,8,11,8,5,9,,16,,,,,"Piloto"
394,45,2019,7,16,18,14,15,0,8,18,19,18,0,15,13,17,16,6,19,12,17,14,18,,6,,,,,"Piloto"
393,44,2019,7,9,3,3,5,11,15,3,7,1,4,8,1,4,3,2,2,1,5,6,2,,1,,,,,"Piloto"
392,43,2019,7,7,14,10,14,3,2,4,4,4,3,5,2,13,12,5,5,2,6,2,3,,2,,,,,"Piloto"
391,65,2019,6,5,1,6,6,4,11,10,4,8,1,2,5,8,2,5,16,5,2,3,2,,8,,,,,"Piloto"
390,64,2019,6,4,6,5,9,10,5,11,7,2,0,0,9,2,3,1,6,2,4,9,4,,10,,,,,"Piloto"
389,63,2019,6,1,3,0,2,1,1,1,2,1,11,3,6,1,1,2,1,12,1,1,1,,1,,,,,"Piloto"
388,62,2019,6,0,0,0,0,0,0,0,0,0,0,0,0,0,0,0,0,0,0,0,0,,0,,,,,"Piloto"
387,61,2019,6,15,0,18,15,0,10,18,18,17,18,17,17,19,17,18,18,14,16,18,17,,18,,,,,"Piloto"
386,60,2019,6,10,0,7,8,5,6,6,19,12,15,9,16,17,11,17,12,17,8,11,10,,15,,,,,"Piloto"
385,59,2019,6,0,0,0,0,0,0,0,0,0,0,0,0,0,0,0,0,0,0,0,0,,0,,,,,"Piloto"
384,58,2019,6,8,13,4,7,12,15,9,11,16,2,8,8,6,4,8,8,0,9,19,7,,0,,,,,"Piloto"
383,57,2019,6,7,5,2,0,3,17,5,6,15,8,1,1,12,12,3,2,7,6,13,0,,6,,,,,"Piloto"
382,56,2019,6,0,0,0,0,0,0,0,0,0,0,0,0,0,0,0,0,0,0,0,0,,0,,,,,"Piloto"
381,55,2019,6,0,12,8,16,11,0,17,10,18,13,11,14,0,15,16,13,15,14,10,13,,14,,,,,"Piloto"
380,54,2019,6,13,8,3,10,18,16,15,0,11,16,13,12,11,14,15,11,8,17,8,14,,16,,,,,"Piloto"
379,53,2019,6,9,7,19,1,6,4,7,8,7,3,5,2,9,0,10,4,4,3,7,0,,2,,,,,"Piloto"
378,52,2019,6,12,11,12,12,13,0,13,14,10,9,18,15,14,8,7,17,16,15,12,6,,13,,,,,"Piloto"
377,51,2019,6,16,18,13,13,14,18,19,9,14,4,10,0,15,10,0,15,10,0,17,12,,0,,,,,"Piloto"
376,50,2019,6,14,15,17,0,9,14,16,13,9,10,14,13,13,13,6,14,11,13,15,15,,11,,,,,"Piloto"
375,49,2019,6,17,16,15,18,16,9,20,17,19,17,16,19,16,16,12,19,18,18,16,16,,17,,,,,"Piloto"
374,48,2019,6,6,17,1,3,0,12,4,1,6,0,0,10,3,9,13,9,0,10,6,3,,3,,,,,"Piloto"
373,47,2019,6,11,9,9,11,15,3,12,15,4,6,6,4,10,5,0,5,1,12,5,8,,4,,,,,"Piloto"
372,46,2019,6,2,2,10,5,7,2,8,5,5,7,4,7,4,7,4,7,9,7,4,11,,5,,,,,"Piloto"
371,45,2019,6,18,14,16,14,17,7,14,16,13,14,15,18,18,18,9,20,13,11,14,18,,12,,,,,"Piloto"
370,44,2019,6,0,10,11,17,8,8,3,3,3,12,7,3,5,0,14,10,6,5,0,9,,9,,,,,"Piloto"
369,43,2019,6,3,4,14,4,2,13,2,12,0,5,12,11,7,6,11,3,3,0,2,5,,7,,,,,"Piloto"
368,65,2019,5,8,9,3,6,18,9,7,6,7,7,11,5,5,9,7,6,5,3,19,8,,3,,,,,"Piloto"
367,64,2019,5,0,8,12,10,12,10,14,9,10,10,12,13,3,15,2,9,11,5,10,3,,4,,,,,"Piloto"
366,63,2019,5,4,7,0,2,2,2,1,5,3,2,4,1,1,1,1,1,0,1,1,1,,1,,,,,"Piloto"
365,62,2019,5,0,0,0,0,0,0,0,0,0,0,0,0,0,0,0,0,0,0,0,0,,0,,,,,"Piloto"
364,61,2019,5,18,18,18,0,19,18,18,18,19,17,19,17,19,18,18,18,19,16,16,14,,18,,,,,"Piloto"
363,60,2019,5,0,0,0,0,0,0,0,0,0,0,0,0,0,0,0,0,0,0,0,0,,0,,,,,"Piloto"
362,59,2019,5,14,14,13,16,17,17,19,17,15,14,18,14,14,13,12,15,14,12,9,9,,7,,,,,"Piloto"
361,58,2019,5,13,0,16,0,10,19,10,14,11,9,15,20,13,11,14,11,12,11,8,18,,14,,,,,"Piloto"
360,57,2019,5,6,12,0,7,4,7,2,3,1,4,2,7,6,5,0,4,1,10,5,2,,0,,,,,"Piloto"
359,56,2019,5,0,0,0,0,0,0,0,0,0,0,0,0,0,0,0,0,0,0,0,0,,0,,,,,"Piloto"
358,55,2019,5,11,15,8,15,15,16,17,11,9,18,0,8,7,6,4,8,10,9,6,13,,13,,,,,"Piloto"
357,54,2019,5,12,6,14,3,8,15,11,12,8,11,8,6,15,7,5,7,7,15,15,6,,12,,,,,"Piloto"
356,53,2019,5,9,0,6,1,3,6,4,2,12,1,5,9,10,4,8,17,4,2,2,4,,2,,,,,"Piloto"
355,52,2019,5,5,3,9,4,16,11,15,8,0,8,9,12,8,0,3,0,13,0,11,10,,5,,,,,"Piloto"
354,51,2019,5,17,17,17,18,14,20,16,16,17,16,17,16,17,16,15,0,15,18,18,17,,16,,,,,"Piloto"
353,50,2019,5,15,4,4,9,6,12,9,19,5,12,7,18,2,8,13,13,9,0,13,19,,10,,,,,"Piloto"
352,49,2019,5,16,16,11,13,13,13,12,13,18,15,16,0,18,14,16,16,18,17,17,16,,17,,,,,"Piloto"
351,48,2019,5,1,2,2,5,5,4,5,10,4,0,6,11,11,12,6,5,6,4,14,5,,6,,,,,"Piloto"
350,47,2019,5,0,13,15,17,11,14,0,15,14,0,14,10,16,19,17,12,8,14,0,7,,11,,,,,"Piloto"
349,46,2019,5,2,1,1,14,1,1,8,1,6,6,1,4,9,3,9,2,2,13,4,11,,9,,,,,"Piloto"
348,45,2019,5,7,11,10,12,0,5,13,0,13,13,13,15,12,17,10,14,17,8,12,12,,15,,,,,"Piloto"
347,44,2019,5,10,5,5,8,7,3,6,4,2,5,3,2,4,2,11,3,3,6,3,15,,0,,,,,"Piloto"
346,43,2019,5,3,10,7,11,9,8,3,7,16,3,10,3,0,10,0,10,16,7,7,0,,8,,,,,"Piloto"
345,65,2019,4,5,8,9,2,4,6,2,2,10,2,2,12,2,3,0,5,4,9,9,8,,6,,,,,"Piloto"
344,64,2019,4,14,18,12,16,10,14,9,10,16,13,6,9,17,10,13,0,12,15,12,14,,15,,,,,"Piloto"
343,63,2019,4,1,4,1,4,1,3,1,4,1,1,8,5,0,1,1,1,10,1,2,1,,11,,,,,"Piloto"
342,62,2019,4,,,,,,,,,,,,,,,,,,,,,,,,,,,"Piloto"
341,61,2019,4,18,16,19,18,16,15,18,18,17,19,16,17,16,18,19,19,19,0,18,18,,19,,,,,"Piloto"
340,60,2019,4,6,5,15,5,0,4,13,8,0,0,0,0,0,0,0,0,0,0,0,0,,0,,,,,"Piloto"
339,59,2019,4,13,15,18,15,0,16,16,13,15,15,18,18,15,17,11,0,14,18,17,13,,13,,,,,"Piloto"
338,58,2019,4,0,0,0,0,0,0,0,0,14,14,15,8,0,11,15,18,15,14,0,12,,14,,,,,"Piloto"
337,57,2019,4,11,9,6,11,11,9,6,11,12,10,7,7,5,0,3,3,13,3,3,7,,3,,,,,"Piloto"
336,56,2019,4,,,,,,,,,,,,,,,,,,,,,,,,,,,"Piloto"
335,55,2019,4,16,17,17,0,14,13,17,14,18,18,14,16,18,16,14,16,18,0,11,17,,12,,,,,"Piloto"
334,54,2019,4,12,11,13,8,13,18,7,17,0,12,12,10,11,12,16,12,8,13,8,0,,16,,,,,"Piloto"
333,53,2019,4,9,2,5,7,17,5,10,0,9,11,11,3,12,8,10,14,0,8,0,0,,10,,,,,"Piloto"
332,52,2019,4,2,1,4,0,9,7,14,3,8,3,4,4,6,9,4,4,7,11,6,6,,7,,,,,"Piloto"
331,51,2019,4,15,12,16,17,15,20,19,19,19,17,17,13,14,13,17,17,16,17,16,15,,18,,,,,"Piloto"
330,50,2019,4,8,0,8,6,8,8,8,6,2,9,1,0,7,4,9,10,5,6,5,4,,8,,,,,"Piloto"
329,49,2019,4,17,10,14,13,12,10,12,15,13,16,19,11,13,14,2,13,17,16,13,11,,0,,,,,"Piloto"
328,48,2019,4,7,14,10,12,5,19,15,12,3,4,9,14,1,2,7,8,1,2,10,3,,2,,,,,"Piloto"
327,47,2019,4,10,13,11,10,6,17,11,9,11,0,13,15,10,15,18,15,11,12,14,16,,17,,,,,"Piloto"
326,46,2019,4,3,0,2,14,7,2,4,1,4,6,3,1,3,6,5,7,2,4,7,9,,9,,,,,"Piloto"
325,45,2019,4,0,7,0,3,2,12,5,16,7,8,0,6,4,7,6,11,6,5,15,10,,5,,,,,"Piloto"
324,44,2019,4,0,6,7,9,18,11,0,7,5,7,10,0,8,5,8,2,3,7,1,2,,1,,,,,"Piloto"
323,43,2019,4,4,3,3,1,3,1,3,5,6,5,5,2,9,0,12,9,9,10,4,5,,4,,,,,"Piloto"
322,65,2019,3,0,7,13,4,3,8,4,4,4,3,3,3,2,4,1,2,1,5,2,1,,2,,,,,"Piloto"
321,64,2019,3,14,18,9,9,6,9,6,16,11,13,9,5,18,17,4,19,10,12,12,7,,17,,,,,"Piloto"
320,63,2019,3,4,6,4,5,2,1,2,7,0,2,4,2,1,1,2,1,3,1,3,4,,4,,,,,"Piloto"
319,62,2019,3,,,,,,,,,,,,,,,,,,,,,,,,,,,"Piloto"
318,61,2019,3,18,0,17,18,18,7,18,14,18,18,18,14,12,19,15,18,11,17,19,19,,20,,,,,"Piloto"
317,60,2019,3,8,9,3,20,14,0,16,15,17,19,16,19,13,15,10,17,16,9,15,12,,12,,,,,"Piloto"
316,59,2019,3,10,0,15,17,0,17,15,17,12,16,19,13,15,16,16,16,12,18,17,18,,19,,,,,"Piloto"
315,58,2019,3,,,,,,,,,,,,,,,,,,,,,,,,,,,"Piloto"
314,57,2019,3,5,11,8,13,12,2,14,6,6,8,10,15,14,11,0,6,0,7,9,6,,11,,,,,"Piloto"
313,56,2019,3,,,,,,,,,,,,,,,,,,,,,,,,,,,"Piloto"
312,55,2019,3,17,13,0,19,13,6,0,12,15,17,14,12,16,13,17,9,15,13,11,17,,15,,,,,"Piloto"
311,54,2019,3,16,12,14,15,16,12,9,19,13,11,13,16,17,14,18,15,17,0,14,11,,18,,,,,"Piloto"
310,53,2019,3,15,8,7,6,10,11,17,9,16,10,6,11,4,6,13,7,4,0,5,0,,10,,,,,"Piloto"
309,52,2019,3,2,2,6,3,1,16,3,2,2,5,1,4,8,2,7,5,5,3,1,8,,5,,,,,"Piloto"
308,51,2019,3,9,15,12,14,15,18,0,13,19,12,11,0,9,8,12,14,14,16,8,14,,16,,,,,"Piloto"
307,50,2019,3,12,17,0,16,7,19,12,11,14,14,7,18,0,12,14,11,8,14,16,13,,13,,,,,"Piloto"
306,49,2019,3,13,14,10,11,17,10,13,0,10,15,15,17,10,18,5,13,0,15,10,15,,14,,,,,"Piloto"
305,48,2019,3,7,16,11,12,8,13,11,10,8,9,8,6,7,10,9,10,7,10,0,9,,6,,,,,"Piloto"
304,47,2019,3,11,5,16,7,5,15,8,18,9,0,17,7,0,5,6,12,13,6,13,10,,9,,,,,"Piloto"
303,46,2019,3,1,1,2,2,4,5,7,3,3,4,2,9,11,0,3,3,2,2,18,3,,1,,,,,"Piloto"
302,45,2019,3,6,10,18,8,0,3,10,8,7,6,0,10,5,7,11,8,9,8,7,5,,8,,,,,"Piloto"
301,44,2019,3,0,3,5,10,9,14,5,5,5,7,12,8,6,9,8,20,0,11,6,16,,7,,,,,"Piloto"
300,43,2019,3,3,4,1,1,11,4,1,1,1,1,5,1,3,3,0,4,6,4,4,2,,3,,,,,"Piloto"
299,65,2019,2,12,4,11,15,11,17,7,5,10,4,3,5,2,3,4,0,14,2,2,7,,2,,,,,"Piloto"
298,64,2019,2,0,13,14,14,0,11,15,0,12,8,10,13,19,13,14,7,10,11,14,0,,13,,,,,"Piloto"
297,63,2019,2,1,0,3,2,1,1,5,2,3,1,9,2,1,5,7,2,0,1,1,5,,6,,,,,"Piloto"
296,62,2019,2,,,,,,,,,,,,,,,,,,,,,,,,,,,"Piloto"
295,61,2019,2,15,19,16,12,16,18,13,12,17,17,18,19,17,17,19,16,17,16,16,18,,18,,,,,"Piloto"
294,60,2019,2,16,16,12,9,17,13,18,16,18,13,14,10,0,18,18,17,0,15,11,12,,0,,,,,"Piloto"
293,59,2019,2,11,14,18,18,13,14,17,6,16,0,15,17,18,14,5,14,8,18,13,16,,16,,,,,"Piloto"
292,58,2019,2,13,11,15,10,9,8,12,13,7,14,17,6,6,2,8,1,13,0,0,1,,5,,,,,"Piloto"
291,57,2019,2,,,,,,,,,,,,,,,,,,,,,,,,,,,"Piloto"
290,56,2019,2,,,,,,,,,,,,,,,,,,,,,,,,,,,"Piloto"
289,55,2019,2,9,10,9,7,8,3,2,10,6,10,8,9,8,16,3,12,6,7,15,13,,15,,,,,"Piloto"
288,54,2019,2,0,17,0,8,0,19,10,9,15,18,19,18,15,15,11,15,16,14,12,15,,17,,,,,"Piloto"
287,53,2019,2,6,3,4,16,14,7,11,0,5,11,11,11,14,6,0,10,9,13,10,8,,9,,,,,"Piloto"
286,52,2019,2,14,8,7,6,12,10,14,11,8,7,2,3,4,0,1,6,4,3,3,3,,1,,,,,"Piloto"
285,51,2019,2,18,18,10,17,18,15,9,15,0,9,12,8,13,4,10,11,5,17,5,2,,11,,,,,"Piloto"
284,50,2019,2,10,15,17,13,15,16,16,3,14,16,7,16,12,12,12,18,7,12,8,17,,0,,,,,"Piloto"
283,49,2019,2,17,12,13,5,10,2,6,1,11,12,13,0,10,8,16,0,15,9,18,11,,12,,,,,"Piloto"
282,48,2019,2,7,9,5,19,7,6,3,18,9,2,0,14,9,0,6,5,3,8,9,9,,7,,,,,"Piloto"
281,47,2019,2,8,6,8,11,6,9,4,17,13,15,16,7,16,9,15,13,0,10,17,0,,10,,,,,"Piloto"
280,46,2019,2,5,7,2,0,3,5,0,7,0,3,4,12,5,7,9,8,11,6,7,14,,8,,,,,"Piloto"
279,45,2019,2,4,5,1,4,2,0,0,8,4,6,6,4,7,11,2,4,2,0,0,10,,14,,,,,"Piloto"
278,44,2019,2,3,1,6,3,4,4,8,4,1,0,5,15,11,10,17,3,12,5,4,6,,3,,,,,"Piloto"
277,43,2019,2,2,2,0,1,5,12,1,14,2,5,1,1,3,1,13,9,1,4,6,4,,4,,,,,"Piloto"
276,65,2019,1,8,11,18,14,15,20,15,16,17,13,9,8,8,10,0,19,0,10,12,14,,16,,,,,"Piloto"
275,64,2019,1,12,15,13,9,13,6,13,18,11,18,17,0,0,13,18,18,10,16,8,7,,19,,,,,"Piloto"
274,63,2019,1,7,13,8,0,12,4,7,15,6,4,8,7,6,3,5,6,17,7,4,9,,8,,,,,"Piloto"
273,62,2019,1,18,17,17,16,17,17,17,0,19,19,20,18,18,19,17,15,16,12,19,11,,15,,,,,"Piloto"
272,61,2019,1,,,,,,,,,,,,,,,,,,,,,,,,,,,"Piloto"
271,60,2019,1,10,14,0,17,11,16,18,0,18,6,10,15,16,15,9,11,7,13,0,15,,14,,,,,"Piloto"
270,59,2019,1,14,8,16,12,7,14,14,10,15,16,18,17,11,17,0,20,0,14,16,17,,17,,,,,"Piloto"
269,58,2019,1,17,19,19,19,0,10,16,12,16,15,13,16,13,18,11,16,0,17,14,19,,18,,,,,"Piloto"
268,57,2019,1,,,,,,,,,,,,,,,,,,,,,,,,,,,"Piloto"
267,56,2019,1,,,,,,,,,,,,,,,,,,,,,,,,,,,"Piloto"
266,55,2019,1,13,10,11,15,18,19,12,13,12,14,12,14,0,6,8,14,8,9,9,13,,13,,,,,"Piloto"
265,54,2019,1,16,16,14,13,16,8,11,9,9,10,11,0,14,12,15,12,14,15,15,12,,11,,,,,"Piloto"
264,53,2019,1,4,7,7,10,19,5,5,14,10,0,5,6,17,5,12,8,6,0,10,5,,5,,,,,"Piloto"
263,52,2019,1,5,9,10,11,9,7,10,11,8,9,15,11,15,11,10,10,12,8,7,0,,7,,,,,"Piloto"
262,51,2019,1,15,12,15,6,14,18,9,7,7,11,16,9,9,14,14,13,15,11,11,10,,10,,,,,"Piloto"
261,50,2019,1,9,18,9,18,10,13,19,17,13,7,14,13,12,7,13,9,13,0,17,18,,9,,,,,"Piloto"
260,49,2019,1,11,6,12,7,8,11,0,8,14,12,19,12,10,16,16,17,11,18,18,16,,12,,,,,"Piloto"
259,48,2019,1,6,3,5,8,5,2,8,6,0,8,6,5,7,8,2,5,3,5,5,8,,4,,,,,"Piloto"
258,47,2019,1,1,4,6,5,6,9,2,5,4,5,2,10,5,9,1,4,5,1,2,6,,2,,,,,"Piloto"
257,46,2019,1,0,5,2,1,2,3,4,3,1,2,4,2,4,4,3,3,2,6,6,1,,3,,,,,"Piloto"
256,45,2019,1,2,2,3,2,3,1,3,1,5,3,1,3,3,2,4,2,4,2,13,2,,6,,,,,"Piloto"
255,44,2019,1,3,0,4,4,1,15,6,2,2,17,7,4,1,0,7,1,9,4,3,4,,1,,,,,"Piloto"
254,43,2019,1,0,1,1,3,4,12,1,4,3,1,3,1,2,1,6,7,1,3,1,3,,0,,,,,"Piloto"
253,42,2018,8,1,1,1,0,1,0,1,1,0,0,0,0,0,0,0,0,0,0,0,0,,0,,,,,"Piloto"
252,41,2018,8,15,0,7,8,14,14,6,7,0,0,0,0,0,0,0,0,0,0,0,0,,0,,,,,"Piloto"
251,40,2018,8,0,7,2,4,2,1,4,3,0,0,0,0,0,0,0,0,0,0,0,0,,0,,,,,"Piloto"
250,39,2018,8,11,8,10,11,4,11,7,5,0,0,0,0,0,0,0,0,0,0,0,0,,0,,,,,"Piloto"
249,38,2018,8,18,5,16,7,3,2,9,15,0,0,0,0,0,0,0,0,0,0,0,0,,0,,,,,"Piloto"
248,37,2018,8,3,9,5,13,11,7,17,9,0,0,0,0,0,0,0,0,0,0,0,0,,0,,,,,"Piloto"
247,36,2018,8,8,4,3,15,13,8,10,4,0,0,0,0,0,0,0,0,0,0,0,0,,0,,,,,"Piloto"
246,35,2018,8,10,13,8,14,17,12,16,11,0,0,0,0,0,0,0,0,0,0,0,0,,0,,,,,"Piloto"
245,34,2018,8,7,12,4,10,9,15,12,0,0,0,0,0,0,0,0,0,0,0,0,0,,0,,,,,"Piloto"
244,33,2018,8,9,11,12,12,12,13,13,13,0,0,0,0,0,0,0,0,0,0,0,0,,0,,,,,"Piloto"
243,32,2018,8,6,16,13,5,7,9,8,10,0,0,0,0,0,0,0,0,0,0,0,0,,0,,,,,"Piloto"
242,31,2018,8,13,18,18,17,19,19,19,18,0,0,0,0,0,0,0,0,0,0,0,0,,0,,,,,"Piloto"
241,30,2018,8,12,15,19,16,18,17,15,16,0,0,0,0,0,0,0,0,0,0,0,0,,0,,,,,"Piloto"
240,29,2018,8,0,10,11,3,10,5,11,2,0,0,0,0,0,0,0,0,0,0,0,0,,0,,,,,"Piloto"
239,28,2018,8,5,6,9,2,6,3,5,14,0,0,0,0,0,0,0,0,0,0,0,0,,0,,,,,"Piloto"
238,27,2018,8,17,17,17,19,16,18,0,0,0,0,0,0,0,0,0,0,0,0,0,0,,0,,,,,"Piloto"
237,26,2018,8,16,14,15,18,15,16,18,17,0,0,0,0,0,0,0,0,0,0,0,0,,0,,,,,"Piloto"
236,25,2018,8,4,0,0,1,0,10,3,6,0,0,0,0,0,0,0,0,0,0,0,0,,0,,,,,"Piloto"
235,24,2018,8,0,0,0,0,0,0,0,0,0,0,0,0,0,0,0,0,0,0,0,0,,0,,,,,"Piloto"
234,23,2018,8,14,3,6,9,5,4,14,12,0,0,0,0,0,0,0,0,0,0,0,0,,0,,,,,"Piloto"
233,22,2018,8,2,2,14,6,8,6,2,8,0,0,0,0,0,0,0,0,0,0,0,0,,0,,,,,"Piloto"
232,42,2018,7,0,1,1,0,1,0,1,1,1,1,1,1,0,1,1,1,0,1,1,1,,0,,,,,"Piloto"
231,41,2018,7,11,7,13,4,5,5,9,4,4,4,7,16,8,7,0,6,7,0,8,12,,14,,,,,"Piloto"
230,40,2018,7,2,5,7,3,3,8,2,11,9,0,8,4,10,13,0,4,4,16,13,4,,3,,,,,"Piloto"
229,39,2018,7,5,13,14,5,7,9,6,9,7,6,6,6,4,3,14,10,3,2,6,5,,4,,,,,"Piloto"
228,38,2018,7,12,9,5,8,0,6,8,10,0,2,9,2,3,5,7,8,2,11,5,10,,8,,,,,"Piloto"
227,37,2018,7,7,4,3,10,4,3,10,12,10,18,11,7,9,11,4,9,6,4,10,13,,5,,,,,"Piloto"
226,36,2018,7,3,8,6,11,12,1,13,3,3,11,16,0,7,9,0,14,8,9,7,16,,11,,,,,"Piloto"
225,35,2018,7,8,16,10,13,13,14,14,13,18,9,10,13,15,18,12,13,0,0,14,14,,0,,,,,"Piloto"
224,34,2018,7,9,10,0,9,8,0,11,14,0,12,0,10,6,20,10,0,12,12,9,11,,12,,,,,"Piloto"
223,33,2018,7,17,19,16,18,14,16,19,0,16,14,14,0,0,15,13,18,14,13,12,0,,13,,,,,"Piloto"
222,32,2018,7,16,14,0,17,15,11,18,0,13,15,18,12,14,16,9,16,11,6,15,8,,9,,,,,"Piloto"
221,31,2018,7,14,18,18,19,18,17,15,18,17,17,17,15,18,14,16,12,15,15,18,19,,17,,,,,"Piloto"
220,30,2018,7,18,15,17,14,17,18,12,17,12,13,0,0,12,12,0,0,16,10,17,18,,18,,,,,"Piloto"
219,29,2018,7,6,6,9,7,0,13,4,6,5,10,12,9,13,6,8,11,10,8,4,7,,7,,,,,"Piloto"
218,28,2018,7,0,12,12,2,9,4,0,7,8,5,5,0,11,2,0,3,5,7,0,2,,10,,,,,"Piloto"
217,27,2018,7,15,17,11,16,16,12,17,16,15,0,13,11,16,19,15,15,17,17,16,17,,16,,,,,"Piloto"
216,26,2018,7,13,0,15,15,10,15,16,15,14,16,15,14,17,17,11,17,18,14,0,15,,15,,,,,"Piloto"
215,25,2018,7,1,2,2,1,2,7,3,2,2,8,2,3,1,4,2,2,1,5,2,3,,1,,,,,"Piloto"
214,24,2018,7,0,0,0,0,0,0,0,0,0,0,0,0,0,0,0,0,0,0,0,0,,0,,,,,"Piloto"
213,23,2018,7,10,11,8,12,11,2,7,8,11,7,3,8,5,8,5,7,9,3,11,9,,6,,,,,"Piloto"
212,22,2018,7,4,3,4,6,6,10,5,5,6,3,4,5,2,10,3,5,13,0,3,6,,2,,,,,"Piloto"
211,42,2018,6,5,6,1,2,1,0,1,1,1,2,3,1,0,1,1,0,2,3,1,1,,0,,,,,"Piloto"
210,41,2018,6,17,14,13,12,15,16,0,9,12,11,15,16,17,14,12,0,15,13,17,10,,14,,,,,"Piloto"
209,40,2018,6,12,15,11,8,7,7,3,10,10,15,0,0,15,4,11,3,19,7,7,9,,7,,,,,"Piloto"
208,39,2018,6,1,4,17,1,8,4,4,4,2,5,4,11,2,11,0,8,4,10,3,4,,15,,,,,"Piloto"
207,38,2018,6,11,3,4,4,11,1,2,6,5,3,1,2,8,0,0,1,9,9,5,6,,0,,,,,"Piloto"
206,37,2018,6,2,5,3,18,5,6,11,0,13,6,0,12,6,0,3,7,5,4,10,13,,0,,,,,"Piloto"
205,36,2018,6,3,9,2,0,18,12,18,7,7,4,11,10,14,8,4,12,8,12,12,14,,10,,,,,"Piloto"
204,35,2018,6,9,12,15,6,0,8,10,15,11,8,7,4,9,3,5,18,7,19,13,0,,3,,,,,"Piloto"
203,34,2018,6,4,10,9,9,12,13,7,16,8,18,9,7,4,7,0,10,11,6,0,11,,11,,,,,"Piloto"
202,33,2018,6,16,16,14,16,17,11,17,0,18,10,16,18,12,17,9,14,12,11,6,17,,4,,,,,"Piloto"
201,32,2018,6,6,8,0,5,3,3,12,3,6,1,6,3,5,12,14,4,18,2,8,12,,1,,,,,"Piloto"
200,31,2018,6,0,18,18,17,16,18,16,0,17,17,18,17,19,16,15,15,14,18,18,19,,17,,,,,"Piloto"
199,30,2018,6,18,20,20,11,0,19,14,17,16,14,17,15,18,18,16,16,13,17,0,18,,16,,,,,"Piloto"
198,29,2018,6,13,13,16,13,13,17,15,11,0,12,14,6,13,2,7,6,6,14,15,5,,2,,,,,"Piloto"
197,28,2018,6,10,17,10,15,14,15,6,13,14,19,10,9,3,6,6,9,1,5,2,2,,6,,,,,"Piloto"
196,27,2018,6,15,7,7,14,4,5,0,12,0,13,13,14,11,15,8,19,17,0,11,15,,13,,,,,"Piloto"
195,26,2018,6,7,1,6,0,2,2,5,5,4,9,8,0,16,5,13,17,10,15,4,8,,12,,,,,"Piloto"
194,25,2018,6,14,11,5,3,6,10,9,2,3,7,2,8,1,9,10,2,3,1,14,3,,5,,,,,"Piloto"
193,24,2018,6,0,0,0,0,0,0,0,0,0,0,0,0,0,0,0,0,0,0,0,0,,0,,,,,"Piloto"
192,23,2018,6,0,2,12,7,9,14,8,8,15,16,12,5,10,10,2,11,0,16,16,16,,9,,,,,"Piloto"
191,22,2018,6,8,0,8,10,10,9,13,14,9,0,5,13,7,13,0,13,16,8,9,7,,8,,,,,"Piloto"
190,42,2018,5,2,5,1,0,1,0,1,1,5,4,2,1,0,1,5,1,0,1,1,3,,0,,,,,"Piloto"
189,41,2018,5,0,4,18,12,13,13,3,17,18,13,0,14,13,8,9,17,15,12,16,7,,0,,,,,"Piloto"
188,40,2018,5,11,7,3,2,3,4,15,18,1,7,8,13,9,15,12,5,8,17,10,12,,0,,,,,"Piloto"
187,39,2018,5,9,18,11,13,7,5,11,9,6,1,10,0,5,13,18,15,6,3,8,8,,0,,,,,"Piloto"
186,38,2018,5,6,12,10,5,10,20,16,11,10,0,4,10,4,9,8,0,4,10,2,6,,0,,,,,"Piloto"
185,37,2018,5,4,8,9,0,11,7,4,14,7,9,13,8,2,6,7,6,2,4,12,9,,0,,,,,"Piloto"
184,36,2018,5,0,10,14,11,14,8,7,13,3,2,11,2,11,4,17,7,0,2,4,15,,0,,,,,"Piloto"
183,35,2018,5,8,0,0,16,15,6,12,12,0,8,14,15,7,7,16,11,10,13,14,14,,0,,,,,"Piloto"
182,34,2018,5,5,17,12,8,0,9,19,20,17,6,12,3,14,5,3,13,13,15,11,17,,0,,,,,"Piloto"
181,33,2018,5,16,16,13,18,8,12,13,15,13,11,18,12,12,18,13,14,0,18,0,11,,0,,,,,"Piloto"
180,32,2018,5,14,11,0,9,2,2,17,2,8,3,7,6,19,12,0,0,5,9,7,5,,0,,,,,"Piloto"
179,31,2018,5,15,19,17,17,18,17,18,19,15,17,15,11,18,16,14,16,16,0,17,16,,0,,,,,"Piloto"
178,30,2018,5,17,14,16,15,16,18,6,10,14,16,19,5,16,11,0,18,14,19,18,0,,0,,,,,"Piloto"
177,29,2018,5,12,13,15,7,9,15,2,7,16,0,17,16,8,10,15,8,12,11,0,18,,0,,,,,"Piloto"
176,28,2018,5,18,6,6,3,17,14,0,8,0,15,16,7,6,14,10,12,11,14,6,13,,0,,,,,"Piloto"
175,27,2018,5,1,1,2,14,5,1,5,3,4,5,9,4,3,3,1,4,0,16,3,0,,0,,,,,"Piloto"
174,26,2018,5,0,0,0,0,0,0,0,0,0,0,0,0,0,0,0,0,0,0,0,0,,0,,,,,"Piloto"
173,25,2018,5,7,2,4,6,0,11,14,4,2,18,1,0,15,2,6,3,3,5,15,2,,0,,,,,"Piloto"
172,24,2018,5,3,3,8,1,6,3,9,16,11,14,3,0,1,0,11,2,1,7,5,1,,0,,,,,"Piloto"
171,23,2018,5,13,9,7,10,12,16,10,6,9,10,6,0,10,17,4,9,9,8,13,4,,0,,,,,"Piloto"
170,22,2018,5,10,15,5,4,4,10,8,5,12,12,5,9,17,0,2,10,7,6,9,10,,0,,,,,"Piloto"
169,42,2018,4,2,10,1,6,1,0,1,1,1,0,1,2,1,2,0,1,1,2,2,2,,4,,,,,"Piloto"
168,41,2018,4,9,11,12,9,16,19,9,16,14,12,14,6,12,12,12,12,10,17,11,11,,6,,,,,"Piloto"
167,40,2018,4,3,3,17,7,10,4,8,10,8,0,2,7,0,3,2,7,3,9,0,12,,5,,,,,"Piloto"
166,39,2018,4,12,15,13,12,6,9,18,2,11,10,0,13,0,19,6,11,11,5,10,0,,11,,,,,"Piloto"
165,38,2018,4,10,16,18,0,7,2,12,6,2,5,11,9,0,13,5,14,14,8,6,10,,9,,,,,"Piloto"
164,37,2018,4,0,6,9,2,13,15,0,13,13,4,9,4,13,8,13,5,8,4,14,6,,3,,,,,"Piloto"
163,36,2018,4,11,4,14,4,11,5,13,19,10,13,7,10,6,14,8,9,15,13,15,15,,10,,,,,"Piloto"
162,35,2018,4,0,14,16,16,14,16,6,15,12,9,15,11,11,17,18,16,17,16,7,0,,15,,,,,"Piloto"
161,34,2018,4,5,18,7,14,18,14,11,12,9,19,0,12,9,0,15,13,13,14,13,9,,12,,,,,"Piloto"
160,33,2018,4,14,12,8,18,15,13,15,17,18,15,18,0,17,18,9,0,9,12,16,14,,0,,,,,"Piloto"
159,32,2018,4,4,5,6,19,0,7,17,8,15,6,5,5,8,10,3,8,16,6,12,7,,13,,,,,"Piloto"
158,31,2018,4,0,19,19,15,19,18,16,18,19,17,17,18,14,16,19,0,18,18,17,17,,16,,,,,"Piloto"
157,30,2018,4,15,0,15,17,17,17,7,14,16,16,16,15,16,11,17,17,12,15,18,16,,0,,,,,"Piloto"
156,29,2018,4,13,17,11,8,12,11,3,3,17,14,13,17,15,4,11,10,0,11,0,13,,14,,,,,"Piloto"
155,28,2018,4,7,13,4,3,8,8,4,9,0,7,10,16,7,5,14,15,6,7,3,18,,0,,,,,"Piloto"
154,27,2018,4,1,1,2,11,2,3,5,4,3,1,4,1,2,6,1,2,2,10,1,3,,1,,,,,"Piloto"
153,26,2018,4,0,0,0,0,0,0,0,0,0,0,0,0,0,0,0,0,0,0,0,0,,0,,,,,"Piloto"
152,25,2018,4,0,8,5,5,9,6,2,7,4,8,12,14,10,9,7,18,5,0,9,1,,0,,,,,"Piloto"
151,24,2018,4,16,2,3,1,4,10,14,0,6,3,8,8,5,1,4,4,0,3,4,5,,2,,,,,"Piloto"
150,23,2018,4,8,9,10,13,3,1,10,11,5,11,6,0,4,15,16,6,7,0,8,8,,8,,,,,"Piloto"
149,22,2018,4,6,7,0,10,5,12,19,5,7,2,3,3,3,7,10,3,4,1,5,4,,7,,,,,"Piloto"
148,42,2018,3,1,6,1,0,2,2,0,3,2,1,1,6,0,1,8,2,2,2,1,7,,2,,,,,"Piloto"
147,41,2018,3,12,15,0,19,11,5,15,16,12,16,16,9,15,7,11,7,0,0,15,6,,11,,,,,"Piloto"
146,40,2018,3,6,11,15,9,5,0,1,7,15,9,7,11,2,13,19,3,10,5,6,2,,9,,,,,"Piloto"
145,39,2018,3,0,10,3,4,10,4,11,0,19,18,10,15,14,12,9,17,9,11,10,18,,8,,,,,"Piloto"
144,38,2018,3,0,9,13,6,4,17,10,5,4,8,11,8,10,10,18,6,7,3,11,9,,6,,,,,"Piloto"
143,37,2018,3,10,14,8,11,7,6,7,14,8,10,0,17,12,5,1,0,4,9,8,11,,10,,,,,"Piloto"
142,36,2018,3,5,13,5,12,6,16,13,17,13,0,14,14,17,17,0,14,15,12,0,14,,17,,,,,"Piloto"
141,35,2018,3,4,12,11,16,12,11,17,12,18,17,0,10,18,8,17,9,0,7,9,13,,0,,,,,"Piloto"
140,34,2018,3,15,16,4,14,15,18,14,15,11,11,0,16,6,0,13,8,14,8,12,20,,14,,,,,"Piloto"
139,33,2018,3,11,17,0,17,17,3,0,18,17,14,15,12,11,14,14,12,8,4,17,10,,15,,,,,"Piloto"
138,32,2018,3,13,8,0,7,8,19,12,6,7,6,0,0,8,15,7,10,0,10,14,19,,1,,,,,"Piloto"
137,31,2018,3,17,18,17,13,19,8,16,11,10,15,12,18,16,16,10,16,16,15,18,17,,18,,,,,"Piloto"
136,30,2018,3,18,0,12,15,14,9,5,10,9,13,9,7,13,18,5,0,13,16,13,16,,16,,,,,"Piloto"
135,29,2018,3,8,0,9,18,18,15,8,9,16,12,13,13,7,0,16,15,11,19,16,15,,12,,,,,"Piloto"
134,28,2018,3,16,4,16,10,16,1,9,8,14,19,5,0,9,9,15,13,5,18,0,12,,13,,,,,"Piloto"
133,27,2018,3,3,3,10,2,3,14,4,4,6,3,4,5,3,11,4,5,3,17,2,3,,3,,,,,"Piloto"
132,26,2018,3,0,0,0,0,0,0,0,0,0,0,0,0,0,0,0,0,0,0,0,0,,0,,,,,"Piloto"
131,25,2018,3,14,7,2,3,0,7,2,1,1,2,2,2,4,4,6,19,1,13,4,4,,4,,,,,"Piloto"
130,24,2018,3,2,1,7,1,1,12,18,2,0,4,3,3,1,2,12,1,17,1,3,5,,5,,,,,"Piloto"
129,23,2018,3,7,5,14,8,9,13,3,13,5,5,6,1,19,6,3,4,12,6,7,8,,0,,,,,"Piloto"
128,22,2018,3,9,2,6,5,13,10,6,0,3,7,8,4,5,3,2,11,6,14,5,1,,7,,,,,"Piloto"
127,42,2018,1,13,17,9,16,13,0,5,9,12,8,9,13,7,5,10,4,2,5,1,1,,1,,,,,"Piloto"
126,41,2018,1,0,14,0,12,16,16,17,17,16,18,16,18,18,16,13,10,18,15,14,16,,12,,,,,"Piloto"
125,40,2018,1,14,16,16,0,15,7,15,14,13,16,13,12,17,18,9,5,16,11,9,11,,10,,,,,"Piloto"
124,39,2018,1,8,6,10,17,0,13,6,7,18,13,5,4,14,15,6,9,7,10,8,9,,15,,,,,"Piloto"
123,38,2018,1,5,8,6,8,9,15,19,6,8,17,7,10,9,8,14,16,8,12,12,8,,11,,,,,"Piloto"
122,37,2018,1,9,10,15,0,8,14,13,18,0,9,10,11,20,11,0,20,6,0,13,17,,6,,,,,"Piloto"
121,36,2018,1,11,7,12,4,11,2,11,16,9,10,0,5,10,9,18,19,14,8,0,13,,0,,,,,"Piloto"
120,35,2018,1,15,19,18,15,18,17,16,12,14,0,19,0,16,17,12,11,17,17,16,15,,18,,,,,"Piloto"
119,34,2018,1,16,15,17,14,14,18,12,10,17,14,15,17,11,14,7,15,10,16,18,19,,0,,,,,"Piloto"
118,33,2018,1,17,11,14,18,17,3,14,0,15,15,11,7,13,0,15,17,13,14,0,14,,17,,,,,"Piloto"
117,32,2018,1,12,13,7,10,7,12,18,11,7,11,14,0,8,12,0,14,11,6,11,12,,5,,,,,"Piloto"
116,31,2018,1,0,0,0,0,0,0,0,0,0,0,0,0,0,0,0,0,19,18,17,18,,16,,,,,"Piloto"
115,30,2018,1,18,18,0,11,19,19,10,15,11,0,17,17,19,13,16,12,20,19,14,20,,14,,,,,"Piloto"
114,29,2018,1,10,12,13,13,10,6,7,13,6,6,12,9,12,7,17,13,9,13,6,6,,13,,,,,"Piloto"
113,28,2018,1,6,9,11,7,12,4,8,0,0,12,8,3,6,4,3,18,12,9,4,10,,9,,,,,"Piloto"
112,27,2018,1,0,4,2,2,5,10,9,5,5,7,18,15,4,10,8,3,4,4,10,7,,8,,,,,"Piloto"
111,26,2018,1,2,0,8,9,4,8,0,8,1,5,2,2,3,6,5,7,0,0,0,0,,0,,,,,"Piloto"
110,25,2018,1,1,2,1,6,2,11,4,4,3,2,3,14,5,1,11,6,15,3,2,4,,7,,,,,"Piloto"
109,24,2018,1,3,3,4,1,3,1,3,1,2,1,4,6,1,19,4,8,5,2,3,3,,4,,,,,"Piloto"
108,23,2018,1,4,1,5,5,6,9,1,3,4,3,1,1,2,3,1,2,3,7,7,5,,2,,,,,"Piloto"
107,22,2018,1,7,5,3,3,1,5,2,2,10,4,6,8,15,2,2,1,1,1,5,2,,3,,,,,"Piloto"
106,42,2018,2,3,5,1,5,1,0,2,7,1,2,2,2,2,1,2,0,1,1,5,2,,1,,,,,"Piloto"
105,41,2018,2,10,17,15,16,12,15,11,13,6,11,7,0,13,13,1,14,6,13,12,7,,2,,,,,"Piloto"
104,40,2018,2,12,11,0,7,3,6,18,16,13,4,9,4,6,11,7,5,7,9,14,4,,5,,,,,"Piloto"
103,39,2018,2,15,16,5,0,16,18,13,0,14,8,8,14,4,14,8,11,8,7,13,3,,14,,,,,"Piloto"
102,38,2018,2,0,10,8,13,0,7,15,18,10,17,12,15,9,5,14,7,0,4,6,8,,9,,,,,"Piloto"
101,37,2018,2,7,8,19,11,6,5,8,4,9,10,10,10,10,12,9,16,15,0,10,10,,4,,,,,"Piloto"
100,36,2018,2,8,15,14,12,9,9,10,10,0,0,17,3,12,8,12,10,17,15,15,6,,13,,,,,"Piloto"
99,35,2018,2,0,0,13,4,14,10,16,12,15,12,13,16,11,18,11,13,12,12,17,0,,11,,,,,"Piloto"
98,34,2018,2,14,14,9,0,10,16,0,5,12,0,18,7,8,0,15,18,14,10,0,13,,15,,,,,"Piloto"
97,33,2018,2,17,13,18,14,0,13,14,0,18,15,0,17,0,17,17,17,0,14,11,17,,17,,,,,"Piloto"
96,32,2018,2,13,7,10,0,7,12,9,14,16,16,14,11,16,15,0,15,10,11,0,12,,20,,,,,"Piloto"
95,31,2018,2,16,19,17,0,17,17,17,17,17,18,16,19,14,19,10,12,16,19,18,16,,18,,,,,"Piloto"
94,30,2018,2,18,18,16,15,15,19,12,15,11,14,15,18,15,10,6,19,9,18,16,18,,12,,,,,"Piloto"
93,29,2018,2,11,12,12,9,5,14,0,11,5,6,11,12,0,7,0,9,13,17,7,11,,19,,,,,"Piloto"
92,28,2018,2,9,4,11,6,8,11,5,2,0,7,5,9,7,9,0,4,5,16,9,15,,7,,,,,"Piloto"
91,27,2018,2,2,6,3,3,4,1,6,9,7,9,0,6,3,6,3,2,4,3,2,0,,10,,,,,"Piloto"
90,26,2018,2,0,0,0,0,0,0,0,0,0,0,0,0,0,0,0,0,0,0,0,0,,0,,,,,"Piloto"
89,25,2018,2,5,2,2,8,13,4,7,6,4,13,4,8,5,4,5,8,3,5,4,5,,16,,,,,"Piloto"
88,24,2018,2,1,3,7,10,2,2,4,8,8,3,1,1,1,2,16,6,0,6,1,1,,3,,,,,"Piloto"
87,23,2018,2,4,1,6,2,18,3,3,1,2,5,6,13,18,16,13,1,11,8,8,14,,8,,,,,"Piloto"
86,22,2018,2,6,9,4,1,11,8,1,3,3,1,3,5,17,3,4,3,2,2,3,9,,6,,,,,"Piloto"
84,21,2017,4,1,1,4,2,1,0,0,0,0,0,0,0,0,0,0,0,0,0,0,0,,,,,,,"Piloto"
83,20,2017,4,0,8,13,8,11,0,0,0,0,0,0,0,0,0,0,0,0,0,0,0,,,,,,,"Piloto"
82,19,2017,4,16,4,9,14,10,0,0,0,0,0,0,0,0,0,0,0,0,0,0,0,,,,,,,"Piloto"
81,18,2017,4,0,6,14,13,13,0,0,0,0,0,0,0,0,0,0,0,0,0,0,0,,,,,,,"Piloto"
80,17,2017,4,0,13,10,0,12,0,0,0,0,0,0,0,0,0,0,0,0,0,0,0,,,,,,,"Piloto"
79,16,2017,4,13,0,18,15,18,0,0,0,0,0,0,0,0,0,0,0,0,0,0,0,,,,,,,"Piloto"
78,15,2017,4,14,15,17,16,19,0,0,0,0,0,0,0,0,0,0,0,0,0,0,0,,,,,,,"Piloto"
77,14,2017,4,7,5,0,0,9,0,0,0,0,0,0,0,0,0,0,0,0,0,0,0,,,,,,,"Piloto"
76,13,2017,4,8,16,12,10,15,0,0,0,0,0,0,0,0,0,0,0,0,0,0,0,,,,,,,"Piloto"
75,12,2017,4,9,3,0,0,7,0,0,0,0,0,0,0,0,0,0,0,0,0,0,0,,,,,,,"Piloto"
74,11,2017,4,11,7,11,11,17,0,0,0,0,0,0,0,0,0,0,0,0,0,0,0,,,,,,,"Piloto"
73,10,2017,4,12,14,7,5,6,0,0,0,0,0,0,0,0,0,0,0,0,0,0,0,,,,,,,"Piloto"
72,9,2017,4,5,0,5,4,8,0,0,0,0,0,0,0,0,0,0,0,0,0,0,0,,,,,,,"Piloto"
71,8,2017,4,0,0,0,0,0,0,0,0,0,0,0,0,0,0,0,0,0,0,0,0,,,,,,,"Piloto"
70,7,2017,4,3,0,6,6,5,0,0,0,0,0,0,0,0,0,0,0,0,0,0,0,,,,,,,"Piloto"
69,6,2017,4,15,10,16,17,14,0,0,0,0,0,0,0,0,0,0,0,0,0,0,0,,,,,,,"Piloto"
68,5,2017,4,10,9,15,12,16,0,0,0,0,0,0,0,0,0,0,0,0,0,0,0,,,,,,,"Piloto"
67,4,2017,4,6,2,1,7,2,0,0,0,0,0,0,0,0,0,0,0,0,0,0,0,,,,,,,"Piloto"
66,3,2017,4,4,12,2,3,0,0,0,0,0,0,0,0,0,0,0,0,0,0,0,0,,,,,,,"Piloto"
65,2,2017,4,2,0,3,1,3,0,0,0,0,0,0,0,0,0,0,0,0,0,0,0,,,,,,,"Piloto"
64,1,2017,4,0,11,8,9,4,0,0,0,0,0,0,0,0,0,0,0,0,0,0,0,,,,,,,"Piloto"
63,21,2017,3,6,4,7,7,10,0,2,5,3,5,3,1,3,3,3,10,1,7,6,4,,,,,,,"Piloto"
62,20,2017,3,10,13,14,13,11,10,10,11,0,12,8,0,8,17,12,5,10,14,10,10,,,,,,,"Piloto"
61,19,2017,3,14,10,11,0,13,12,0,17,17,10,12,0,6,10,8,9,6,3,8,6,,,,,,,"Piloto"
60,18,2017,3,18,14,17,14,15,14,12,0,15,15,11,7,17,0,9,14,15,17,17,13,,,,,,,"Piloto"
59,17,2017,3,12,9,12,12,12,9,15,18,9,18,6,13,10,12,0,17,0,15,11,9,,,,,,,"Piloto"
58,16,2017,3,17,15,0,0,16,18,17,16,0,16,13,12,18,18,16,16,16,19,19,16,,,,,,,"Piloto"
57,15,2017,3,19,0,19,17,18,17,18,15,16,17,17,11,0,15,15,18,17,18,18,18,,,,,,,"Piloto"
56,14,2017,3,11,11,15,18,14,0,9,13,8,6,0,5,12,9,10,4,14,11,9,8,,,,,,,"Piloto"
55,13,2017,3,9,12,16,11,8,13,13,8,10,14,7,8,15,14,11,6,12,0,16,11,,,,,,,"Piloto"
54,12,2017,3,13,8,10,10,9,11,8,12,12,11,15,0,13,0,14,12,13,13,15,14,,,,,,,"Piloto"
53,11,2017,3,0,0,0,0,0,0,0,0,0,0,0,0,0,0,0,0,0,0,0,0,,,,,,,"Piloto"
52,10,2017,3,15,6,8,8,7,8,11,6,7,7,10,4,5,7,7,7,11,10,5,15,,,,,,,"Piloto"
51,9,2017,3,5,0,9,5,6,7,7,3,5,4,14,10,2,8,0,11,5,8,7,19,,,,,,,"Piloto"
50,8,2017,3,4,0,20,6,0,4,5,14,13,3,5,14,9,6,6,15,4,9,13,0,,,,,,,"Piloto"
49,7,2017,3,7,5,4,0,5,6,6,9,6,2,4,0,11,4,5,13,8,1,12,7,,,,,,,"Piloto"
48,6,2017,3,16,0,13,15,17,16,0,10,11,19,16,6,16,16,0,20,0,16,20,17,,,,,,,"Piloto"
47,5,2017,3,8,7,6,16,0,15,14,7,0,13,0,16,0,13,13,2,0,12,14,12,,,,,,,"Piloto"
46,4,2017,3,3,3,2,2,2,3,4,4,2,0,0,3,4,2,0,3,9,4,4,2,,,,,,,"Piloto"
45,3,2017,3,1,1,3,4,4,5,16,2,4,8,9,9,1,5,1,8,3,2,3,1,,,,,,,"Piloto"
44,2,2017,3,2,2,1,3,3,2,1,0,1,9,1,15,7,1,2,1,2,6,2,5,,,,,,,"Piloto"
43,1,2017,3,0,16,5,1,1,1,3,1,14,1,2,2,14,11,4,19,7,5,1,3,,,,,,,"Piloto"
42,21,2017,2,13,7,16,10,11,12,13,14,13,11,8,8,14,12,5,7,6,7,11,6,,,,,,,"Piloto"
41,20,2017,2,10,10,8,7,15,0,10,0,12,10,10,10,15,8,13,0,12,8,13,0,,,,,,,"Piloto"
40,19,2017,2,7,12,14,12,12,7,12,5,7,16,14,11,12,7,10,6,0,18,9,12,,,,,,,"Piloto"
39,18,2017,2,0,0,18,19,19,13,0,13,15,13,0,0,0,0,0,0,0,0,0,0,,,,,,,"Piloto"
38,17,2017,2,14,17,17,15,10,16,17,17,0,9,11,0,18,16,16,14,11,0,14,15,,,,,,,"Piloto"
37,16,2017,2,0,0,0,0,0,0,0,0,0,0,17,19,17,17,7,15,15,16,19,17,,,,,,,"Piloto"
36,15,2017,2,15,15,20,18,20,14,16,18,18,17,15,18,19,18,14,16,14,15,20,18,,,,,,,"Piloto"
35,14,2017,2,6,9,11,16,14,6,8,16,10,18,7,5,7,0,9,11,0,5,10,13,,,,,,,"Piloto"
34,13,2017,2,9,8,12,14,13,15,9,8,14,0,0,12,11,11,18,8,9,11,18,7,,,,,,,"Piloto"
33,12,2017,2,0,11,9,6,7,17,7,15,9,5,13,17,13,15,11,12,8,14,16,14,,,,,,,"Piloto"
32,11,2017,2,0,16,13,17,16,8,15,12,11,15,12,13,10,10,17,9,10,0,12,8,,,,,,,"Piloto"
31,10,2017,2,0,6,7,8,9,4,5,3,8,8,6,9,8,14,12,5,5,12,8,10,,,,,,,"Piloto"
30,9,2017,2,8,0,6,13,6,5,4,4,0,7,9,7,5,0,6,3,3,9,7,4,,,,,,,"Piloto"
29,8,2017,2,5,5,5,4,8,0,3,7,4,4,3,15,0,3,8,4,4,10,6,19,,,,,,,"Piloto"
28,7,2017,2,3,3,10,3,5,3,6,9,5,6,2,14,6,5,0,0,0,4,4,11,,,,,,,"Piloto"
27,6,2017,2,11,18,15,0,18,11,14,11,17,14,16,16,16,13,15,13,13,13,17,16,,,,,,,"Piloto"
26,5,2017,2,12,14,19,11,17,10,11,10,16,12,0,6,9,9,0,10,0,17,15,9,,,,,,,"Piloto"
25,4,2017,2,1,2,2,1,3,9,18,1,1,1,18,3,2,1,4,0,1,3,2,1,,,,,,,"Piloto"
24,3,2017,2,0,1,4,5,4,1,0,2,3,19,1,4,3,6,3,1,7,6,3,2,,,,,,,"Piloto"
23,2,2017,2,2,4,3,9,1,0,2,6,6,2,4,2,4,4,2,0,0,2,5,5,,,,,,,"Piloto"
22,1,2017,2,4,13,1,2,2,2,1,0,2,3,5,1,1,2,1,2,2,1,1,3,,,,,,,"Piloto"
21,21,2017,1,16,14,16,7,15,0,6,14,13,16,16,18,8,5,15,13,0,8,12,0,,,,,,,"Piloto"
20,20,2017,1,9,0,14,18,12,8,0,11,15,6,7,12,14,0,0,7,13,18,8,16,,,,,,,"Piloto"
19,19,2017,1,12,9,12,9,11,10,0,6,7,17,10,7,5,0,8,0,11,9,10,8,,,,,,,"Piloto"
18,18,2017,1,18,17,19,16,17,17,13,17,17,18,18,17,19,11,17,15,18,17,17,18,,,,,,,"Piloto"
17,17,2017,1,17,16,18,15,14,13,14,15,14,15,12,16,16,7,14,14,17,14,15,17,,,,,,,"Piloto"
16,16,2017,1,0,0,0,0,0,0,0,0,0,0,0,0,0,0,0,0,0,0,0,0,,,,,,,"Piloto"
15,15,2017,1,0,15,17,17,18,19,12,16,18,19,17,19,18,0,16,16,19,0,18,19,,,,,,,"Piloto"
14,14,2017,1,10,12,10,13,9,15,0,18,16,9,15,13,13,8,12,11,15,7,7,13,,,,,,,"Piloto"
13,13,2017,1,15,18,15,11,19,14,11,10,19,10,14,11,17,12,13,6,16,13,19,12,,,,,,,"Piloto"
12,12,2017,1,14,10,9,10,8,12,8,12,0,11,19,14,12,2,9,10,9,16,11,7,,,,,,,"Piloto"
11,11,2017,1,13,11,20,14,16,16,10,7,9,14,11,15,15,14,10,17,14,11,13,11,,,,,,,"Piloto"
10,10,2017,1,11,0,8,0,7,7,5,5,8,8,6,8,11,6,11,9,12,10,5,9,,,,,,,"Piloto"
9,9,2017,1,6,8,7,8,6,11,9,0,6,5,8,6,7,9,7,3,5,3,0,10,,,,,,,"Piloto"
8,8,2017,1,2,6,6,6,5,5,2,4,10,3,9,5,0,4,6,8,7,2,6,6,,,,,,,"Piloto"
7,7,2017,1,5,5,5,4,4,9,1,8,5,7,4,4,6,13,3,5,6,5,9,3,,,,,,,"Piloto"
6,6,2017,1,8,13,11,12,13,18,7,9,11,12,13,10,9,10,18,12,10,12,14,14,,,,,,,"Piloto"
5,5,2017,1,7,7,13,5,10,6,4,13,12,13,0,9,10,0,5,18,8,15,16,15,,,,,,,"Piloto"
4,4,2017,1,1,1,3,2,3,3,0,3,1,4,5,1,1,1,4,0,1,4,1,5,,,,,,,"Piloto"
3,3,2017,1,4,2,2,1,1,1,0,2,4,1,1,2,2,0,1,4,4,1,2,2,,,,,,,"Piloto"
2,2,2017,1,19,4,4,3,2,4,0,1,3,20,3,0,3,3,2,2,2,19,3,4,,,,,,,"Piloto"
