Id_Piloto,Nome_Piloto,Abreviacao_Piloto,Ano_Jogo,Aposentado,Tipo_Carreira
71,"Hamilton","HAM",2020,"N","Piloto"
72,"Bottas","BOT",2020,"N","Piloto"
73,"Vettel","VET",2020,"N","Piloto"
74,"Leclerc","LEC",2020,"N","Piloto"
75,"Verstappen","VER",2020,"N","Piloto"
76,"Albon","ALB",2020,"N","Piloto"
77,"Perez","PER",2020,"N","Piloto"
78,"Stroll","STR",2020,"N","Piloto"
79,"Ricciardo","RIC",2020,"N","Piloto"
80,"Ocon","OCO",2020,"N","Piloto"
81,"Sainz","SAI",2020,"N","Piloto"
82,"Norris","NOR",2020,"N","Piloto"
83,"Gasly","GAS",2020,"N","Piloto"
84,"Kvyat","KVY",2020,"N","Piloto"
85,"Magnussen","MAG",2020,"N","Piloto"
86,"Grosjean","GRO",2020,"N","Piloto"
87,"Raikkonen","RAI",2020,"N","Piloto"
88,"Giovinazzi","GIO",2020,"N","Piloto"
89,"Latifi","LAT",2020,"N","Piloto"
90,"Russell","RUS",2020,"N","Piloto"
91,"Ribeiro","RIB",2020,"N","Piloto"
92,"De Vries","DEV",2020,"N","Piloto"
93,"Ghiotto","GHI",2020,"N","Piloto"
94,"Zhou","ZHO",2020,"N","Piloto"
95,"Aitken","AIT",2020,"N","Piloto"
98,"Hamilton","HAM",2021,"N","Piloto"
99,"Bottas","BOT",2021,"N","Piloto"
100,"Vettel","VET",2021,"N","Piloto"
101,"Leclerc","LEC",2021,"N","Piloto"
102,"Verstappen","VER",2021,"N","Piloto"
103,"Perez","PER",2021,"N","Piloto"
1,"Hamilton","HAM",2017,"N","Piloto"
105,"Stroll","STR",2021,"N","Piloto"
106,"Ricciardo","RIC",2021,"N","Piloto"
107,"Ocon","OCO",2021,"N","Piloto"
108,"Sainz","SAI",2021,"N","Piloto"
109,"Norris","NOR",2021,"N","Piloto"
110,"Gasly","GAS",2021,"N","Piloto"
111,"Kvyat","KVY",2021,"N","Piloto"
113,"Mazepin","MAS",2021,"N","Piloto"
114,"Raikkonen","RAI",2021,"N","Piloto"
115,"Giovinazzi","GIO",2021,"N","Piloto"
116,"Latifi","LAT",2021,"N","Piloto"
117,"Russell","RUS",2021,"N","Piloto"
118,"Ribeiro","RIB",2021,"N","Piloto"
119,"De Vries","DEV",2021,"N","Piloto"
120,"Ghiotto","GHI",2021,"N","Piloto"
121,"Zhou","ZHO",2021,"N","Piloto"
122,"Aitken","AIT",2021,"N","Piloto"
123,"Tsunoda","TSU",2021,"N","Piloto"
124,"Alonso","ALO",2021,"N","Piloto"
145,"Magnussen","MAG",2022,"N","Piloto"
146,"Tsunoda","TSU",2022,"N","Piloto"
147,"Zhou","ZHO",2022,"N","Piloto"
148,"Albon","ALB",2022,"N","Piloto"
149,"Alonso","ALO",2022,"N","Piloto"
150,"Shwartzman","SHW",2022,"N","Piloto"
151,"Piastri","PIA",2022,"N","Piloto"
152,"Daruvala","DAR",2022,"N","Piloto"
153,"Drugovich","DRU",2022,"N","Piloto"
154,"Verstappen","VER",2023,"N","Piloto"
155,"Perez","PER",2023,"N","Piloto"
156,"Leclerc","LEC",2023,"N","Piloto"
157,"Sainz","SAI",2023,"N","Piloto"
158,"Hamilton","HAM",2023,"N","Piloto"
159,"Russell","RUS",2023,"N","Piloto"
160,"Ocon","OCO",2023,"N","Piloto"
161,"Gasly","GAS",2023,"N","Piloto"
162,"Norris","NOR",2023,"N","Piloto"
163,"Piastri","PIA",2023,"N","Piloto"
164,"Bottas","BOT",2023,"N","Piloto"
165,"Zhou","ZHO",2023,"N","Piloto"
166,"Alonso","ALO",2023,"N","Piloto"
167,"Stroll","STR",2023,"N","Piloto"
168,"Magnussen","MAG",2023,"N","Piloto"
169,"Hulkenberg","HUL",2023,"N","Piloto"
170,"Tsunoda","TSU",2023,"N","Piloto"
171,"Ricciardo","RIC",2023,"N","Piloto"
172,"Albon","ALB",2023,"N","Piloto"
173,"Sargeant","SAR",2023,"N","Piloto"
174,"Vettel","VET",2000,"S","Piloto"
175,"Raikkonen","RAI",2000,"S","Piloto"
176,"Ribeiro","RIB",2023,"N","Piloto"
177,"Lawson","LAW",2023,"N","Piloto"
178,"Pourchaire","POU",2023,"N","Piloto"
179,"Daruvala","DAR",2023,"N","Piloto"
180,"Drugovich","DRU",2023,"N","Piloto"
181,"Hauger","HAU",2023,"N","Piloto"
182,"Vips","VIP",2023,"N","Piloto"
183,"Doohan","DOO",2023,"N","Piloto"
184,"Tremblay","TRE",2023,"N","Piloto"
185,"Iwasa","IWA",2023,"N","Piloto"
186,"Verstappen","VER",2024,"N","Piloto"
187,"Perez","PER",2024,"N","Piloto"
188,"Leclerc","LEC",2024,"N","Piloto"
189,"Sainz","SAI",2024,"N","Piloto"
190,"Hamilton","HAM",2024,"N","Piloto"
216,"Tsunoda","TSU",2025,"N","Piloto"
236,"Aron","ARO",2025,"N","Piloto"
237,"Maloney","MAL",2025,"N","Piloto"
238,"O´Sullivan","SUL",2025,"N","Piloto"
218,"Hamilton","HAM",2025,"N","Piloto"
220,"Antonelli","ANT",2025,"N","Piloto"
221,"Gasly","GAS",2025,"N","Piloto"
125,"Hamilton","HAM",2022,"N","Piloto"
191,"Russell","RUS",2024,"N","Piloto"
192,"Ocon","OCO",2024,"N","Piloto"
193,"Gasly","GAS",2024,"N","Piloto"
194,"Norris","NOR",2024,"N","Piloto"
195,"Piastri","PIA",2024,"N","Piloto"
196,"Bottas","BOT",2024,"N","Piloto"
197,"Zhou","ZHO",2024,"N","Piloto"
198,"Alonso","ALO",2024,"N","Piloto"
199,"Stroll","STR",2024,"N","Piloto"
200,"Magnussen","MAG",2024,"N","Piloto"
201,"Hulkenberg","HUL",2024,"N","Piloto"
202,"Tsunoda","TSU",2024,"N","Piloto"
203,"Ricciardo","RIC",2024,"N","Piloto"
204,"Albon","ALB",2024,"N","Piloto"
205,"Sargeant","SAR",2024,"N","Piloto"
206,"Ribeiro","RIB",2024,"N","Piloto"
207,"Pourchaire","POU",2024,"N","Piloto"
208,"Bearman","BEA",2024,"N","Piloto"
209,"Vesti","VES",2024,"N","Piloto"
210,"Fittipaldi","FIT",2024,"N","Piloto"
211,"Iwasa","IWA",2024,"N","Piloto"
212,"Doohan","DOO",2024,"N","Piloto"
213,"Mansel","MAN",2000,"S","Piloto"
214,"A.Leclerc","ART",2024,"N","Piloto"
215,"Verstappen","VER",2025,"N","Piloto"
217,"Leclerc","LEC",2025,"N","Piloto"
219,"Russel","RUS",2025,"N","Piloto"
223,"Norris","NOR",2025,"N","Piloto"
224,"Piastri","PIA",2025,"N","Piloto"
227,"Alonso","ALO",2025,"N","Piloto"
228,"Stroll","STR",2025,"N","Piloto"
229,"Ocon","OCO",2025,"N","Piloto"
230,"Bearman","BEA",2025,"N","Piloto"
231,"Lawson","LAW",2025,"N","Piloto"
232,"Hadjar","HAD",2025,"N","Piloto"
233,"Albon","ALB",2025,"N","Piloto"
234,"Sainz","SAI",2025,"N","Piloto"
126,"Bottas","BOT",2022,"N","Piloto"
127,"Vettel","VET",2022,"N","Piloto"
128,"Leclerc","LEC",2022,"N","Piloto"
222,"Colapinto","COL",2025,"N","Piloto"
225,"Hulkenberg","HUL",2025,"N","Piloto"
226,"Bortoleto","BOR",2025,"N","Piloto"
235,"Ribeiro","RIB",2025,"N","Piloto"
129,"Verstappen","VER",2022,"N","Piloto"
130,"Perez","PER",2022,"N","Piloto"
131,"Stroll","STR",2022,"N","Piloto"
132,"Ricciardo","RIC",2022,"N","Piloto"
133,"Ocon","OCO",2022,"N","Piloto"
134,"Sainz","SAI",2022,"N","Piloto"
2,"Bottas","BOT",2017,"N","Piloto"
3,"Vettel","VET",2017,"N","Piloto"
4,"Raikkonen","RAI",2017,"N","Piloto"
5,"Massa","MAS",2017,"N","Piloto"
6,"Stroll","STR",2017,"N","Piloto"
7,"Ricciardo","RIC",2017,"N","Piloto"
8,"Verstappen","VES",2017,"N","Piloto"
9,"Perez","PER",2017,"N","Piloto"
137,"Kvyat","KVY",2022,"N","Piloto"
138,"Schumacher","MSC",2022,"N","Piloto"
139,"Mazepin","MAS",2022,"N","Piloto"
140,"Raikkonen","RAI",2022,"N","Piloto"
141,"Giovinazzi","GIO",2022,"N","Piloto"
142,"Latifi","LAT",2022,"N","Piloto"
143,"Russell","RUS",2022,"N","Piloto"
144,"Ribeiro","RIB",2022,"N","Piloto"
10,"Ocon","OCO",2017,"N","Piloto"
11,"Palmer","PAL",2017,"N","Piloto"
12,"Hulkenberg","HUL",2017,"N","Piloto"
13,"Kvyat","KVY",2017,"N","Piloto"
14,"Sainz","SAI",2017,"N","Piloto"
15,"Werhlein","WER",2017,"N","Piloto"
16,"Ericsson","ERI",2017,"N","Piloto"
17,"Alonso","ALO",2017,"N","Piloto"
18,"Vandoorne","VAN",2017,"N","Piloto"
19,"Grosjean","GRO",2017,"N","Piloto"
20,"Magnussen","MAG",2017,"N","Piloto"
21,"Marcelo","MAR",2017,"N","Piloto"
22,"Hamilton","HAM",2018,"N","Piloto"
23,"Bottas","BOT",2018,"N","Piloto"
24,"Vettel","VET",2018,"N","Piloto"
25,"Raikkonen","RAI",2018,"N","Piloto"
26,"Ricciardo","RIC",2018,"N","Piloto"
27,"Verstappen","VER",2018,"N","Piloto"
28,"Perez","PER",2018,"N","Piloto"
29,"Ocon","OCO",2018,"N","Piloto"
30,"Stroll","STR",2018,"N","Piloto"
31,"Sirotkin","SIR",2018,"N","Piloto"
32,"Alonso","ALO",2018,"N","Piloto"
33,"Vandoorne","VAN",2018,"N","Piloto"
34,"Gasly","GAS",2018,"N","Piloto"
35,"Hartley","HAR",2018,"N","Piloto"
36,"Grosjean","GRO",2018,"N","Piloto"
37,"Magnussen","MAG",2018,"N","Piloto"
69,"Jim Clark","CLA",2000,"S","Piloto"
68,"Prost","PRO",2000,"S","Piloto"
67,"Senna","SEN",2000,"S","Piloto"
66,"Schumacher","SCH",2000,"S","Piloto"
65,"Butler","BUT",2019,"N","Piloto"
64,"Weber","WEB",2019,"N","Piloto"
63,"Ribeiro","RIB",2019,"N","Piloto"
62,"Russell","RUS",2019,"N","Piloto"
61,"Kubica","KUB",2019,"N","Piloto"
60,"Norris","NOR",2019,"N","Piloto"
59,"Hulkenberg","HUL",2019,"N","Piloto"
58,"Albon","ALB",2019,"N","Piloto"
57,"Kvyat","KVY",2019,"N","Piloto"
56,"Giovinazzi","GIO",2019,"N","Piloto"
55,"Raikkonen","RAI",2019,"N","Piloto"
54,"Stroll","STR",2019,"N","Piloto"
53,"Perez","PER",2019,"N","Piloto"
52,"Magnussen","MAG",2019,"N","Piloto"
51,"Grosjean","GRO",2019,"N","Piloto"
50,"Sainz","SAI",2019,"N","Piloto"
49,"Ricciardo","RIC",2019,"N","Piloto"
48,"Gasly","GAS",2019,"N","Piloto"
47,"Verstappen","VER",2019,"N","Piloto"
46,"Leclerc","LEC",2019,"N","Piloto"
42,"Marcelo","RIB",2018,"N","Piloto"
43,"Hamilton","HAM",2019,"N","Piloto"
44,"Bottas","BOT",2019,"N","Piloto"
45,"Vettel","VET",2019,"N","Piloto"
38,"Hulkenberg","HUL",2018,"N","Piloto"
39,"Sainz","SAI",2018,"N","Piloto"
40,"Leclerc","LEC",2018,"N","Piloto"
41,"Ericsson","ERI",2018,"N","Piloto"
112,"Schumacher","MSC",2021,"N","Piloto"
135,"Norris","NOR",2022,"N","Piloto"
136,"Gasly","GAS",2022,"N","Piloto"
