Id_Time,Id_Equipe,Id_Piloto,Status_Piloto,Ano_Jogo,Temporada,Tipo_Carreira
455,26,47,1,2019,10,"Piloto"
459,28,51,1,2019,10,"Piloto"
462,31,71,1,2020,1,"Piloto"
463,31,72,2,2020,1,"Piloto"
464,32,73,1,2020,1,"Piloto"
465,32,74,2,2020,1,"Piloto"
466,33,75,1,2020,1,"Piloto"
467,33,76,2,2020,1,"Piloto"
468,34,77,1,2020,1,"Piloto"
469,34,78,2,2020,1,"Piloto"
470,35,79,1,2020,1,"Piloto"
471,35,80,2,2020,1,"Piloto"
472,36,81,1,2020,1,"Piloto"
473,36,82,2,2020,1,"Piloto"
474,37,83,1,2020,1,"Piloto"
475,37,84,2,2020,1,"Piloto"
476,38,85,1,2020,1,"Piloto"
477,38,86,2,2020,1,"Piloto"
478,39,87,1,2020,1,"Piloto"
479,39,88,2,2020,1,"Piloto"
480,40,90,1,2020,1,"Piloto"
481,40,91,2,2020,1,"Piloto"
482,31,71,1,2020,2,"Piloto"
483,31,72,2,2020,2,"Piloto"
484,32,73,1,2020,2,"Piloto"
485,32,74,2,2020,2,"Piloto"
486,33,75,1,2020,2,"Piloto"
487,33,76,2,2020,2,"Piloto"
488,34,91,1,2020,2,"Piloto"
489,34,78,2,2020,2,"Piloto"
490,35,79,1,2020,2,"Piloto"
491,35,80,2,2020,2,"Piloto"
492,36,81,1,2020,2,"Piloto"
493,36,82,2,2020,2,"Piloto"
494,37,83,1,2020,2,"Piloto"
495,37,84,2,2020,2,"Piloto"
496,38,85,1,2020,2,"Piloto"
497,38,86,2,2020,2,"Piloto"
498,39,77,1,2020,2,"Piloto"
499,39,88,2,2020,2,"Piloto"
500,40,90,1,2020,2,"Piloto"
501,40,92,2,2020,2,"Piloto"
502,31,91,1,2020,3,"Piloto"
503,31,72,2,2020,3,"Piloto"
504,32,92,1,2020,3,"Piloto"
505,32,74,2,2020,3,"Piloto"
506,33,75,1,2020,3,"Piloto"
507,33,76,2,2020,3,"Piloto"
508,34,86,1,2020,3,"Piloto"
509,34,78,2,2020,3,"Piloto"
510,35,79,1,2020,3,"Piloto"
511,35,80,2,2020,3,"Piloto"
512,36,81,1,2020,3,"Piloto"
513,36,82,2,2020,3,"Piloto"
514,37,83,1,2020,3,"Piloto"
1,1,1,1,2017,1,"Piloto"
515,37,84,2,2020,3,"Piloto"
516,38,85,1,2020,3,"Piloto"
517,38,93,2,2020,3,"Piloto"
518,39,77,1,2020,3,"Piloto"
519,39,88,2,2020,3,"Piloto"
520,40,90,1,2020,3,"Piloto"
521,40,71,2,2020,3,"Piloto"
522,31,91,1,2020,4,"Piloto"
523,31,72,2,2020,4,"Piloto"
524,32,92,1,2020,4,"Piloto"
525,32,74,2,2020,4,"Piloto"
526,33,75,1,2020,4,"Piloto"
527,33,76,2,2020,4,"Piloto"
528,34,94,1,2020,4,"Piloto"
529,34,78,2,2020,4,"Piloto"
530,35,79,1,2020,4,"Piloto"
531,35,80,2,2020,4,"Piloto"
532,36,81,1,2020,4,"Piloto"
533,36,82,2,2020,4,"Piloto"
534,37,83,1,2020,4,"Piloto"
535,37,84,2,2020,4,"Piloto"
536,38,85,1,2020,4,"Piloto"
537,38,93,2,2020,4,"Piloto"
538,39,77,1,2020,4,"Piloto"
539,39,88,2,2020,4,"Piloto"
540,40,90,1,2020,4,"Piloto"
541,40,71,2,2020,4,"Piloto"
542,31,91,1,2020,5,"Piloto"
543,31,72,2,2020,5,"Piloto"
544,32,92,1,2020,5,"Piloto"
545,32,74,2,2020,5,"Piloto"
546,33,75,1,2020,5,"Piloto"
547,33,76,2,2020,5,"Piloto"
548,34,94,1,2020,5,"Piloto"
549,34,78,2,2020,5,"Piloto"
550,35,79,1,2020,5,"Piloto"
551,35,80,2,2020,5,"Piloto"
552,36,81,1,2020,5,"Piloto"
553,36,82,2,2020,5,"Piloto"
554,37,83,1,2020,5,"Piloto"
555,37,84,2,2020,5,"Piloto"
556,38,85,1,2020,5,"Piloto"
557,38,93,2,2020,5,"Piloto"
558,39,77,1,2020,5,"Piloto"
559,39,88,2,2020,5,"Piloto"
560,40,90,1,2020,5,"Piloto"
561,40,71,2,2020,5,"Piloto"
562,31,91,1,2020,6,"Piloto"
563,31,72,2,2020,6,"Piloto"
564,32,92,1,2020,6,"Piloto"
565,32,74,2,2020,6,"Piloto"
566,33,75,1,2020,6,"Piloto"
567,33,76,2,2020,6,"Piloto"
568,34,94,1,2020,6,"Piloto"
569,34,78,2,2020,6,"Piloto"
570,35,79,1,2020,6,"Piloto"
571,35,80,2,2020,6,"Piloto"
572,36,81,1,2020,6,"Piloto"
573,36,82,2,2020,6,"Piloto"
574,37,83,1,2020,6,"Piloto"
575,37,84,2,2020,6,"Piloto"
576,38,85,1,2020,6,"Piloto"
577,38,93,2,2020,6,"Piloto"
578,39,95,1,2020,6,"Piloto"
579,39,88,2,2020,6,"Piloto"
580,40,90,1,2020,6,"Piloto"
581,40,71,2,2020,6,"Piloto"
582,41,98,1,2021,1,"Piloto"
583,41,99,2,2021,1,"Piloto"
584,42,102,1,2021,1,"Piloto"
585,42,103,2,2021,1,"Piloto"
586,43,106,1,2021,1,"Piloto"
587,43,109,2,2021,1,"Piloto"
588,44,100,1,2021,1,"Piloto"
589,44,105,2,2021,1,"Piloto"
590,45,124,1,2021,1,"Piloto"
591,45,107,2,2021,1,"Piloto"
592,46,101,1,2021,1,"Piloto"
593,46,108,2,2021,1,"Piloto"
594,47,110,1,2021,1,"Piloto"
595,47,123,2,2021,1,"Piloto"
596,48,114,1,2021,1,"Piloto"
597,48,115,2,2021,1,"Piloto"
2,1,2,2,2017,1,"Piloto"
598,49,112,1,2021,1,"Piloto"
599,49,113,2,2021,1,"Piloto"
600,50,117,1,2021,1,"Piloto"
601,50,118,2,2021,1,"Piloto"
602,51,125,1,2022,1,"Piloto"
603,51,143,2,2022,1,"Piloto"
604,52,128,1,2022,1,"Piloto"
605,52,134,2,2022,1,"Piloto"
606,53,148,1,2022,1,"Piloto"
607,53,144,2,2022,1,"Piloto"
608,54,129,1,2022,1,"Piloto"
609,54,130,2,2022,1,"Piloto"
610,55,127,1,2022,1,"Piloto"
611,55,131,2,2022,1,"Piloto"
612,56,149,1,2022,1,"Piloto"
613,56,133,2,2022,1,"Piloto"
614,57,136,1,2022,1,"Piloto"
615,57,146,2,2022,1,"Piloto"
616,58,126,1,2022,1,"Piloto"
617,58,147,2,2022,1,"Piloto"
618,59,135,1,2022,1,"Piloto"
619,59,132,2,2022,1,"Piloto"
620,60,145,1,2022,1,"Piloto"
621,60,138,2,2022,1,"Piloto"
622,51,125,1,2022,2,"Piloto"
623,51,143,2,2022,2,"Piloto"
624,52,128,1,2022,2,"Piloto"
625,52,134,2,2022,2,"Piloto"
626,53,148,1,2022,2,"Piloto"
627,53,147,2,2022,2,"Piloto"
628,54,129,1,2022,2,"Piloto"
629,54,130,2,2022,2,"Piloto"
630,55,127,1,2022,2,"Piloto"
631,55,131,2,2022,2,"Piloto"
632,56,144,1,2022,2,"Piloto"
633,56,133,2,2022,2,"Piloto"
634,57,136,1,2022,2,"Piloto"
635,57,146,2,2022,2,"Piloto"
3,2,3,1,2017,1,"Piloto"
636,58,126,1,2022,2,"Piloto"
637,58,142,2,2022,2,"Piloto"
638,59,135,1,2022,2,"Piloto"
639,59,132,2,2022,2,"Piloto"
640,60,145,1,2022,2,"Piloto"
641,60,138,2,2022,2,"Piloto"
642,51,125,1,2022,3,"Piloto"
643,51,144,2,2022,3,"Piloto"
644,52,128,1,2022,3,"Piloto"
645,52,134,2,2022,3,"Piloto"
646,53,148,1,2022,3,"Piloto"
647,53,150,2,2022,3,"Piloto"
648,54,129,1,2022,3,"Piloto"
649,54,130,2,2022,3,"Piloto"
650,55,127,1,2022,3,"Piloto"
651,55,131,2,2022,3,"Piloto"
652,56,143,1,2022,3,"Piloto"
653,56,133,2,2022,3,"Piloto"
654,57,136,1,2022,3,"Piloto"
655,57,146,2,2022,3,"Piloto"
656,58,126,1,2022,3,"Piloto"
657,58,142,2,2022,3,"Piloto"
658,59,135,1,2022,3,"Piloto"
659,59,147,2,2022,3,"Piloto"
660,60,145,1,2022,3,"Piloto"
661,60,138,2,2022,3,"Piloto"
662,51,129,1,2022,4,"Piloto"
663,51,144,2,2022,4,"Piloto"
664,52,128,1,2022,4,"Piloto"
665,52,134,2,2022,4,"Piloto"
666,53,148,1,2022,4,"Piloto"
667,53,150,2,2022,4,"Piloto"
668,54,145,1,2022,4,"Piloto"
669,54,130,2,2022,4,"Piloto"
670,55,127,1,2022,4,"Piloto"
671,55,131,2,2022,4,"Piloto"
672,56,143,1,2022,4,"Piloto"
673,56,133,2,2022,4,"Piloto"
674,57,136,1,2022,4,"Piloto"
675,57,146,2,2022,4,"Piloto"
676,58,151,1,2022,4,"Piloto"
677,58,142,2,2022,4,"Piloto"
678,59,135,1,2022,4,"Piloto"
679,59,147,2,2022,4,"Piloto"
680,60,126,1,2022,4,"Piloto"
681,60,138,2,2022,4,"Piloto"
682,51,129,1,2022,5,"Piloto"
683,51,144,2,2022,5,"Piloto"
684,52,128,1,2022,5,"Piloto"
685,52,134,2,2022,5,"Piloto"
686,53,148,1,2022,5,"Piloto"
687,53,152,2,2022,5,"Piloto"
688,54,145,1,2022,5,"Piloto"
689,54,131,2,2022,5,"Piloto"
690,55,126,1,2022,5,"Piloto"
691,55,153,2,2022,5,"Piloto"
692,56,143,1,2022,5,"Piloto"
693,56,133,2,2022,5,"Piloto"
694,57,136,1,2022,5,"Piloto"
695,57,146,2,2022,5,"Piloto"
696,58,151,1,2022,5,"Piloto"
697,58,142,2,2022,5,"Piloto"
698,59,135,1,2022,5,"Piloto"
699,59,147,2,2022,5,"Piloto"
700,60,150,1,2022,5,"Piloto"
701,60,138,2,2022,5,"Piloto"
702,61,154,1,2023,1,"Piloto"
703,61,155,2,2023,1,"Piloto"
704,62,156,1,2023,1,"Piloto"
705,62,157,2,2023,1,"Piloto"
706,63,158,1,2023,1,"Piloto"
707,63,159,2,2023,1,"Piloto"
708,64,160,1,2023,1,"Piloto"
709,64,161,2,2023,1,"Piloto"
710,65,162,1,2023,1,"Piloto"
711,65,163,2,2023,1,"Piloto"
712,66,164,1,2023,1,"Piloto"
713,66,165,2,2023,1,"Piloto"
714,67,166,1,2023,1,"Piloto"
715,67,167,2,2023,1,"Piloto"
716,68,168,1,2023,1,"Piloto"
717,68,169,2,2023,1,"Piloto"
718,69,170,1,2023,1,"Piloto"
4,2,4,2,2017,1,"Piloto"
719,69,171,2,2023,1,"Piloto"
720,70,172,1,2023,1,"Piloto"
721,70,176,2,2023,1,"Piloto"
722,61,154,1,2023,2,"Piloto"
723,61,155,2,2023,2,"Piloto"
724,62,156,1,2023,2,"Piloto"
725,62,157,2,2023,2,"Piloto"
726,63,158,1,2023,2,"Piloto"
727,63,159,2,2023,2,"Piloto"
728,64,160,1,2023,2,"Piloto"
729,64,161,2,2023,2,"Piloto"
730,65,162,1,2023,2,"Piloto"
731,65,163,2,2023,2,"Piloto"
732,66,164,1,2023,2,"Piloto"
733,66,165,2,2023,2,"Piloto"
734,67,167,1,2023,2,"Piloto"
735,67,176,2,2023,2,"Piloto"
736,68,168,1,2023,2,"Piloto"
737,68,172,2,2023,2,"Piloto"
738,69,170,1,2023,2,"Piloto"
739,69,171,2,2023,2,"Piloto"
740,70,173,1,2023,2,"Piloto"
741,70,177,2,2023,2,"Piloto"
742,61,154,1,2023,3,"Piloto"
743,61,155,2,2023,3,"Piloto"
744,62,156,1,2023,3,"Piloto"
745,62,157,2,2023,3,"Piloto"
746,63,158,1,2023,3,"Piloto"
747,63,159,2,2023,3,"Piloto"
748,64,160,1,2023,3,"Piloto"
749,64,161,2,2023,3,"Piloto"
750,65,162,1,2023,3,"Piloto"
751,65,163,2,2023,3,"Piloto"
752,66,164,1,2023,3,"Piloto"
753,66,165,2,2023,3,"Piloto"
754,67,167,1,2023,3,"Piloto"
755,67,176,2,2023,3,"Piloto"
756,68,168,1,2023,3,"Piloto"
757,68,172,2,2023,3,"Piloto"
758,69,170,1,2023,3,"Piloto"
759,69,171,2,2023,3,"Piloto"
760,70,173,1,2023,3,"Piloto"
761,70,177,2,2023,3,"Piloto"
762,61,154,1,2023,4,"Piloto"
763,61,155,2,2023,4,"Piloto"
764,62,156,1,2023,4,"Piloto"
765,62,157,2,2023,4,"Piloto"
766,63,162,1,2023,4,"Piloto"
767,63,159,2,2023,4,"Piloto"
768,64,160,1,2023,4,"Piloto"
769,64,161,2,2023,4,"Piloto"
770,65,178,1,2023,4,"Piloto"
771,65,163,2,2023,4,"Piloto"
772,66,164,1,2023,4,"Piloto"
773,66,165,2,2023,4,"Piloto"
774,67,167,1,2023,4,"Piloto"
775,67,176,2,2023,4,"Piloto"
776,68,168,1,2023,4,"Piloto"
777,68,172,2,2023,4,"Piloto"
778,69,170,1,2023,4,"Piloto"
779,69,171,2,2023,4,"Piloto"
780,70,173,1,2023,4,"Piloto"
781,70,177,2,2023,4,"Piloto"
782,61,154,1,2023,5,"Piloto"
783,61,155,2,2023,5,"Piloto"
784,62,156,1,2023,5,"Piloto"
785,62,157,2,2023,5,"Piloto"
786,63,162,1,2023,5,"Piloto"
787,63,159,2,2023,5,"Piloto"
788,64,160,1,2023,5,"Piloto"
789,64,161,2,2023,5,"Piloto"
790,65,178,1,2023,5,"Piloto"
791,65,163,2,2023,5,"Piloto"
792,66,164,1,2023,5,"Piloto"
793,66,165,2,2023,5,"Piloto"
794,67,167,1,2023,5,"Piloto"
795,67,176,2,2023,5,"Piloto"
796,68,168,1,2023,5,"Piloto"
797,68,172,2,2023,5,"Piloto"
798,69,170,1,2023,5,"Piloto"
799,69,171,2,2023,5,"Piloto"
800,70,173,1,2023,5,"Piloto"
801,70,177,2,2023,5,"Piloto"
5,3,5,1,2017,1,"Piloto"
802,61,154,1,2023,6,"Piloto"
803,61,155,2,2023,6,"Piloto"
804,62,156,1,2023,6,"Piloto"
805,62,163,2,2023,6,"Piloto"
806,63,162,1,2023,6,"Piloto"
807,63,159,2,2023,6,"Piloto"
808,64,160,1,2023,6,"Piloto"
809,64,161,2,2023,6,"Piloto"
810,65,178,1,2023,6,"Piloto"
811,65,171,2,2023,6,"Piloto"
812,66,180,1,2023,6,"Piloto"
813,66,165,2,2023,6,"Piloto"
814,67,167,1,2023,6,"Piloto"
815,67,176,2,2023,6,"Piloto"
816,68,168,1,2023,6,"Piloto"
817,68,181,2,2023,6,"Piloto"
818,69,170,1,2023,6,"Piloto"
819,69,172,2,2023,6,"Piloto"
820,70,173,1,2023,6,"Piloto"
821,70,177,2,2023,6,"Piloto"
822,61,176,1,2023,7,"Piloto"
823,61,159,2,2023,7,"Piloto"
824,62,156,1,2023,7,"Piloto"
825,62,163,2,2023,7,"Piloto"
826,63,162,1,2023,7,"Piloto"
827,63,180,2,2023,7,"Piloto"
828,64,160,1,2023,7,"Piloto"
829,64,161,2,2023,7,"Piloto"
830,65,178,1,2023,7,"Piloto"
831,65,171,2,2023,7,"Piloto"
832,66,181,1,2023,7,"Piloto"
833,66,165,2,2023,7,"Piloto"
834,67,167,1,2023,7,"Piloto"
835,67,172,2,2023,7,"Piloto"
836,68,168,1,2023,7,"Piloto"
837,68,183,2,2023,7,"Piloto"
838,69,170,1,2023,7,"Piloto"
839,69,179,2,2023,7,"Piloto"
840,70,173,1,2023,7,"Piloto"
841,70,177,2,2023,7,"Piloto"
842,61,176,1,2023,8,"Piloto"
843,61,180,2,2023,8,"Piloto"
844,62,156,1,2023,8,"Piloto"
845,62,163,2,2023,8,"Piloto"
846,63,162,1,2023,8,"Piloto"
847,63,172,2,2023,8,"Piloto"
848,64,160,1,2023,8,"Piloto"
849,64,179,2,2023,8,"Piloto"
850,65,178,1,2023,8,"Piloto"
851,65,171,2,2023,8,"Piloto"
852,66,185,1,2023,8,"Piloto"
853,66,165,2,2023,8,"Piloto"
854,67,167,1,2023,8,"Piloto"
855,67,181,2,2023,8,"Piloto"
856,68,168,1,2023,8,"Piloto"
857,68,183,2,2023,8,"Piloto"
858,69,170,1,2023,8,"Piloto"
859,69,182,2,2023,8,"Piloto"
860,70,173,1,2023,8,"Piloto"
861,70,177,2,2023,8,"Piloto"
862,81,186,1,2024,1,"Piloto"
863,81,187,2,2024,1,"Piloto"
864,82,188,1,2024,1,"Piloto"
865,82,189,2,2024,1,"Piloto"
866,83,190,1,2024,1,"Piloto"
867,83,191,2,2024,1,"Piloto"
868,84,192,1,2024,1,"Piloto"
869,84,193,2,2024,1,"Piloto"
870,85,194,1,2024,1,"Piloto"
871,85,195,2,2024,1,"Piloto"
872,86,196,1,2024,1,"Piloto"
873,86,206,2,2024,1,"Piloto"
874,87,198,1,2024,1,"Piloto"
875,87,199,2,2024,1,"Piloto"
876,88,200,1,2024,1,"Piloto"
877,88,201,2,2024,1,"Piloto"
878,89,203,1,2024,1,"Piloto"
879,89,202,2,2024,1,"Piloto"
880,90,204,1,2024,1,"Piloto"
881,90,205,2,2024,1,"Piloto"
882,81,186,1,2024,2,"Piloto"
883,81,194,2,2024,2,"Piloto"
884,82,188,1,2024,2,"Piloto"
6,3,6,2,2017,1,"Piloto"
885,82,189,2,2024,2,"Piloto"
886,83,190,1,2024,2,"Piloto"
887,83,191,2,2024,2,"Piloto"
888,84,192,1,2024,2,"Piloto"
889,84,193,2,2024,2,"Piloto"
890,85,187,1,2024,2,"Piloto"
891,85,195,2,2024,2,"Piloto"
892,86,196,1,2024,2,"Piloto"
893,86,197,2,2024,2,"Piloto"
894,87,198,1,2024,2,"Piloto"
895,87,206,2,2024,2,"Piloto"
896,88,199,1,2024,2,"Piloto"
897,88,201,2,2024,2,"Piloto"
898,89,203,1,2024,2,"Piloto"
899,89,202,2,2024,2,"Piloto"
900,90,204,1,2024,2,"Piloto"
901,90,205,2,2024,2,"Piloto"
902,81,186,1,2024,3,"Piloto"
903,81,194,2,2024,3,"Piloto"
904,82,188,1,2024,3,"Piloto"
905,82,189,2,2024,3,"Piloto"
906,83,190,1,2024,3,"Piloto"
907,83,191,2,2024,3,"Piloto"
908,84,192,1,2024,3,"Piloto"
909,84,193,2,2024,3,"Piloto"
910,85,187,1,2024,3,"Piloto"
911,85,195,2,2024,3,"Piloto"
912,86,196,1,2024,3,"Piloto"
913,86,197,2,2024,3,"Piloto"
914,87,198,1,2024,3,"Piloto"
915,87,206,2,2024,3,"Piloto"
916,88,199,1,2024,3,"Piloto"
917,88,201,2,2024,3,"Piloto"
918,89,208,1,2024,3,"Piloto"
919,89,202,2,2024,3,"Piloto"
920,90,204,1,2024,3,"Piloto"
921,90,207,2,2024,3,"Piloto"
922,81,186,1,2024,4,"Piloto"
923,81,194,2,2024,4,"Piloto"
924,82,188,1,2024,4,"Piloto"
925,82,189,2,2024,4,"Piloto"
926,83,190,1,2024,4,"Piloto"
927,83,191,2,2024,4,"Piloto"
928,84,209,1,2024,4,"Piloto"
929,84,193,2,2024,4,"Piloto"
930,85,187,1,2024,4,"Piloto"
931,85,195,2,2024,4,"Piloto"
932,86,196,1,2024,4,"Piloto"
933,86,197,2,2024,4,"Piloto"
934,87,192,1,2024,4,"Piloto"
935,87,206,2,2024,4,"Piloto"
936,88,199,1,2024,4,"Piloto"
937,88,201,2,2024,4,"Piloto"
938,89,208,1,2024,4,"Piloto"
939,89,202,2,2024,4,"Piloto"
940,90,204,1,2024,4,"Piloto"
941,90,207,2,2024,4,"Piloto"
942,81,186,1,2024,5,"Piloto"
943,81,194,2,2024,5,"Piloto"
944,82,188,1,2024,5,"Piloto"
945,82,189,2,2024,5,"Piloto"
946,83,206,1,2024,5,"Piloto"
947,83,191,2,2024,5,"Piloto"
948,84,209,1,2024,5,"Piloto"
949,84,193,2,2024,5,"Piloto"
950,85,190,1,2024,5,"Piloto"
951,85,195,2,2024,5,"Piloto"
952,86,196,1,2024,5,"Piloto"
953,86,197,2,2024,5,"Piloto"
954,87,192,1,2024,5,"Piloto"
955,87,210,2,2024,5,"Piloto"
956,88,199,1,2024,5,"Piloto"
957,88,201,2,2024,5,"Piloto"
958,89,208,1,2024,5,"Piloto"
959,89,202,2,2024,5,"Piloto"
960,90,204,1,2024,5,"Piloto"
961,90,207,2,2024,5,"Piloto"
962,81,186,1,2024,6,"Piloto"
963,81,194,2,2024,6,"Piloto"
964,82,188,1,2024,6,"Piloto"
965,82,189,2,2024,6,"Piloto"
966,83,206,1,2024,6,"Piloto"
967,83,191,2,2024,6,"Piloto"
7,4,7,1,2017,1,"Piloto"
968,84,209,1,2024,6,"Piloto"
969,84,193,2,2024,6,"Piloto"
970,85,190,1,2024,6,"Piloto"
971,85,195,2,2024,6,"Piloto"
972,86,196,1,2024,6,"Piloto"
973,86,197,2,2024,6,"Piloto"
974,87,199,1,2024,6,"Piloto"
975,87,210,2,2024,6,"Piloto"
976,88,211,1,2024,6,"Piloto"
977,88,201,2,2024,6,"Piloto"
978,89,208,1,2024,6,"Piloto"
979,89,202,2,2024,6,"Piloto"
980,90,204,1,2024,6,"Piloto"
981,90,207,2,2024,6,"Piloto"
982,81,186,1,2024,7,"Piloto"
983,81,194,2,2024,7,"Piloto"
984,82,188,1,2024,7,"Piloto"
985,82,189,2,2024,7,"Piloto"
986,83,206,1,2024,7,"Piloto"
987,83,204,2,2024,7,"Piloto"
988,84,209,1,2024,7,"Piloto"
989,84,193,2,2024,7,"Piloto"
990,85,190,1,2024,7,"Piloto"
991,85,195,2,2024,7,"Piloto"
992,86,196,1,2024,7,"Piloto"
993,86,197,2,2024,7,"Piloto"
994,87,199,1,2024,7,"Piloto"
995,87,210,2,2024,7,"Piloto"
996,88,211,1,2024,7,"Piloto"
997,88,201,2,2024,7,"Piloto"
998,89,208,1,2024,7,"Piloto"
999,89,202,2,2024,7,"Piloto"
1000,90,205,1,2024,7,"Piloto"
1001,90,212,2,2024,7,"Piloto"
1002,81,186,1,2024,8,"Piloto"
1003,81,194,2,2024,8,"Piloto"
1004,82,188,1,2024,8,"Piloto"
1005,82,206,2,2024,8,"Piloto"
1006,83,189,1,2024,8,"Piloto"
1007,83,204,2,2024,8,"Piloto"
1008,84,209,1,2024,8,"Piloto"
1009,84,193,2,2024,8,"Piloto"
1010,85,190,1,2024,8,"Piloto"
1011,85,195,2,2024,8,"Piloto"
1012,86,196,1,2024,8,"Piloto"
1013,86,197,2,2024,8,"Piloto"
1014,87,199,1,2024,8,"Piloto"
1015,87,210,2,2024,8,"Piloto"
1016,88,211,1,2024,8,"Piloto"
1017,88,201,2,2024,8,"Piloto"
1018,89,208,1,2024,8,"Piloto"
1019,89,214,2,2024,8,"Piloto"
1020,90,205,1,2024,8,"Piloto"
1021,90,212,2,2024,8,"Piloto"
1022,81,186,1,2024,9,"Piloto"
1023,81,194,2,2024,9,"Piloto"
1024,82,188,1,2024,9,"Piloto"
1025,82,206,2,2024,9,"Piloto"
1026,83,202,1,2024,9,"Piloto"
1027,83,204,2,2024,9,"Piloto"
1028,84,209,1,2024,9,"Piloto"
1029,84,193,2,2024,9,"Piloto"
1030,85,190,1,2024,9,"Piloto"
1031,85,195,2,2024,9,"Piloto"
1032,86,196,1,2024,9,"Piloto"
1033,86,197,2,2024,9,"Piloto"
1034,87,199,1,2024,9,"Piloto"
1035,87,210,2,2024,9,"Piloto"
1036,88,211,1,2024,9,"Piloto"
1037,88,201,2,2024,9,"Piloto"
1038,89,208,1,2024,9,"Piloto"
1039,89,214,2,2024,9,"Piloto"
1040,90,205,1,2024,9,"Piloto"
1041,90,212,2,2024,9,"Piloto"
1042,92,223,1,2025,1,"Piloto"
1043,92,224,2,2025,1,"Piloto"
1044,93,217,1,2025,1,"Piloto"
1045,93,218,2,2025,1,"Piloto"
1046,94,215,1,2025,1,"Piloto"
1047,94,216,2,2025,1,"Piloto"
1048,95,219,1,2025,1,"Piloto"
1049,95,220,2,2025,1,"Piloto"
1050,96,227,1,2025,1,"Piloto"
8,4,8,2,2017,1,"Piloto"
1051,96,228,2,2025,1,"Piloto"
1052,97,221,1,2025,1,"Piloto"
1053,97,222,2,2025,1,"Piloto"
1054,98,229,1,2025,1,"Piloto"
1055,98,230,2,2025,1,"Piloto"
1056,99,231,1,2025,1,"Piloto"
1057,99,232,2,2025,1,"Piloto"
1058,100,234,1,2025,1,"Piloto"
1059,100,233,2,2025,1,"Piloto"
1060,101,226,1,2025,1,"Piloto"
1061,101,235,2,2025,1,"Piloto"
1062,92,223,1,2025,2,"Piloto"
1063,92,224,2,2025,2,"Piloto"
1064,93,217,1,2025,2,"Piloto"
1065,93,218,2,2025,2,"Piloto"
1066,94,232,1,2025,2,"Piloto"
1067,94,225,2,2025,2,"Piloto"
1068,95,219,1,2025,2,"Piloto"
1069,95,220,2,2025,2,"Piloto"
1070,96,215,1,2025,2,"Piloto"
1071,96,228,2,2025,2,"Piloto"
1072,97,221,1,2025,2,"Piloto"
1073,97,222,2,2025,2,"Piloto"
1074,98,229,1,2025,2,"Piloto"
1075,98,230,2,2025,2,"Piloto"
1076,99,231,1,2025,2,"Piloto"
1077,99,236,2,2025,2,"Piloto"
1078,100,234,1,2025,2,"Piloto"
1079,100,233,2,2025,2,"Piloto"
1080,101,226,1,2025,2,"Piloto"
1081,101,235,2,2025,2,"Piloto"
1082,92,223,1,2025,3,"Piloto"
1083,92,224,2,2025,3,"Piloto"
1084,93,217,1,2025,3,"Piloto"
1085,93,235,2,2025,3,"Piloto"
1086,94,232,1,2025,3,"Piloto"
1087,94,225,2,2025,3,"Piloto"
1088,95,219,1,2025,3,"Piloto"
1089,95,220,2,2025,3,"Piloto"
1090,96,215,1,2025,3,"Piloto"
1091,96,216,2,2025,3,"Piloto"
1092,97,221,1,2025,3,"Piloto"
1093,97,222,2,2025,3,"Piloto"
1094,98,229,1,2025,3,"Piloto"
1095,98,230,2,2025,3,"Piloto"
1096,99,231,1,2025,3,"Piloto"
1097,99,236,2,2025,3,"Piloto"
1098,100,234,1,2025,3,"Piloto"
1099,100,233,2,2025,3,"Piloto"
1100,101,226,1,2025,3,"Piloto"
1101,101,228,2,2025,3,"Piloto"
1102,92,223,1,2025,4,"Piloto"
1103,92,224,2,2025,4,"Piloto"
1104,93,217,1,2025,4,"Piloto"
1105,93,235,2,2025,4,"Piloto"
1106,94,232,1,2025,4,"Piloto"
1107,94,229,2,2025,4,"Piloto"
1108,95,219,1,2025,4,"Piloto"
1109,95,220,2,2025,4,"Piloto"
1110,96,215,1,2025,4,"Piloto"
1111,96,216,2,2025,4,"Piloto"
1112,97,221,1,2025,4,"Piloto"
1113,97,222,2,2025,4,"Piloto"
1114,98,226,1,2025,4,"Piloto"
1115,98,230,2,2025,4,"Piloto"
1116,99,231,1,2025,4,"Piloto"
1117,99,236,2,2025,4,"Piloto"
1118,100,234,1,2025,4,"Piloto"
1119,100,233,2,2025,4,"Piloto"
1120,101,237,1,2025,4,"Piloto"
1121,101,228,2,2025,4,"Piloto"
1122,92,223,1,2025,5,"Piloto"
1123,92,224,2,2025,5,"Piloto"
1124,93,217,1,2025,5,"Piloto"
1125,93,235,2,2025,5,"Piloto"
1126,94,232,1,2025,5,"Piloto"
1127,94,229,2,2025,5,"Piloto"
1128,95,219,1,2025,5,"Piloto"
1129,95,220,2,2025,5,"Piloto"
1130,96,215,1,2025,5,"Piloto"
1131,96,216,2,2025,5,"Piloto"
1132,97,221,1,2025,5,"Piloto"
1133,97,222,2,2025,5,"Piloto"
9,5,9,1,2017,1,"Piloto"
1134,98,226,1,2025,5,"Piloto"
1135,98,230,2,2025,5,"Piloto"
1136,99,231,1,2025,5,"Piloto"
1137,99,236,2,2025,5,"Piloto"
1138,100,234,1,2025,5,"Piloto"
1139,100,233,2,2025,5,"Piloto"
1140,101,237,1,2025,5,"Piloto"
1141,101,228,2,2025,5,"Piloto"
1142,92,223,1,2025,6,"Piloto"
1143,92,224,2,2025,6,"Piloto"
1144,93,217,1,2025,6,"Piloto"
1145,93,235,2,2025,6,"Piloto"
1146,94,232,1,2025,6,"Piloto"
1147,94,229,2,2025,6,"Piloto"
1148,95,219,1,2025,6,"Piloto"
1149,95,220,2,2025,6,"Piloto"
1150,96,215,1,2025,6,"Piloto"
1151,96,216,2,2025,6,"Piloto"
1152,97,221,1,2025,6,"Piloto"
1153,97,222,2,2025,6,"Piloto"
1154,98,226,1,2025,6,"Piloto"
1155,98,230,2,2025,6,"Piloto"
1156,99,231,1,2025,6,"Piloto"
1157,99,238,2,2025,6,"Piloto"
1158,100,236,1,2025,6,"Piloto"
1159,100,233,2,2025,6,"Piloto"
1160,101,237,1,2025,6,"Piloto"
1161,101,228,2,2025,6,"Piloto"
11,6,11,1,2017,1,"Piloto"
10,5,10,2,2017,1,"Piloto"
12,6,12,2,2017,1,"Piloto"
457,27,53,1,2019,10,"Piloto"
456,26,59,2,2019,10,"Piloto"
454,25,48,2,2019,10,"Piloto"
453,25,54,1,2019,10,"Piloto"
452,24,64,2,2019,10,"Piloto"
451,24,44,1,2019,10,"Piloto"
13,7,13,1,2017,1,"Piloto"
14,7,14,2,2017,1,"Piloto"
15,8,15,1,2017,1,"Piloto"
16,8,21,2,2017,1,"Piloto"
17,9,17,1,2017,1,"Piloto"
18,9,18,2,2017,1,"Piloto"
19,10,19,1,2017,1,"Piloto"
20,10,20,2,2017,1,"Piloto"
21,1,1,1,2017,2,"Piloto"
22,1,2,2,2017,2,"Piloto"
23,2,3,1,2017,2,"Piloto"
24,2,4,2,2017,2,"Piloto"
25,3,5,1,2017,2,"Piloto"
26,3,6,2,2017,2,"Piloto"
27,4,7,1,2017,2,"Piloto"
28,4,8,2,2017,2,"Piloto"
29,5,9,1,2017,2,"Piloto"
30,6,11,1,2017,2,"Piloto"
32,5,10,2,2017,2,"Piloto"
33,6,12,2,2017,2,"Piloto"
34,7,13,1,2017,2,"Piloto"
35,7,14,2,2017,2,"Piloto"
36,8,15,1,2017,2,"Piloto"
37,8,16,2,2017,2,"Piloto"
38,9,17,1,2017,2,"Piloto"
39,9,21,2,2017,2,"Piloto"
40,10,19,1,2017,2,"Piloto"
41,10,20,2,2017,2,"Piloto"
42,1,1,1,2017,3,"Piloto"
43,1,2,2,2017,3,"Piloto"
44,2,3,1,2017,3,"Piloto"
45,2,4,2,2017,3,"Piloto"
46,3,5,1,2017,3,"Piloto"
47,3,6,2,2017,3,"Piloto"
48,4,7,1,2017,3,"Piloto"
49,4,8,2,2017,3,"Piloto"
50,5,9,1,2017,3,"Piloto"
51,5,10,2,2017,3,"Piloto"
52,6,12,1,2017,3,"Piloto"
53,6,21,2,2017,3,"Piloto"
54,7,13,1,2017,3,"Piloto"
55,7,14,2,2017,3,"Piloto"
56,8,15,1,2017,3,"Piloto"
57,8,16,2,2017,3,"Piloto"
58,9,17,1,2017,3,"Piloto"
59,9,18,2,2017,3,"Piloto"
60,10,19,1,2017,3,"Piloto"
461,29,60,1,2019,10,"Piloto"
460,28,63,2,2019,10,"Piloto"
458,27,65,2,2019,10,"Piloto"
450,23,58,1,2019,10,"Piloto"
449,23,43,2,2019,10,"Piloto"
448,22,52,2,2019,10,"Piloto"
447,22,50,1,2019,10,"Piloto"
446,21,55,2,2019,10,"Piloto"
445,21,57,1,2019,10,"Piloto"
444,30,45,2,2019,10,"Piloto"
443,30,49,1,2019,10,"Piloto"
442,29,46,2,2019,10,"Piloto"
441,29,60,1,2019,9,"Piloto"
440,28,61,2,2019,9,"Piloto"
439,28,47,1,2019,9,"Piloto"
438,27,65,2,2019,9,"Piloto"
437,27,53,1,2019,9,"Piloto"
436,26,48,2,2019,9,"Piloto"
435,26,46,1,2019,9,"Piloto"
434,25,59,2,2019,9,"Piloto"
433,25,54,1,2019,9,"Piloto"
432,24,64,2,2019,9,"Piloto"
431,24,55,1,2019,9,"Piloto"
430,23,58,1,2019,9,"Piloto"
429,23,43,2,2019,9,"Piloto"
428,22,52,2,2019,9,"Piloto"
427,22,63,1,2019,9,"Piloto"
426,21,44,2,2019,9,"Piloto"
425,21,57,1,2019,9,"Piloto"
424,30,45,2,2019,9,"Piloto"
423,30,49,1,2019,9,"Piloto"
422,29,50,2,2019,9,"Piloto"
421,29,60,1,2019,8,"Piloto"
420,28,61,2,2019,8,"Piloto"
419,28,47,1,2019,8,"Piloto"
418,27,65,2,2019,8,"Piloto"
417,27,43,1,2019,8,"Piloto"
416,26,48,2,2019,8,"Piloto"
415,26,46,1,2019,8,"Piloto"
414,25,59,2,2019,8,"Piloto"
413,25,54,1,2019,8,"Piloto"
412,24,64,2,2019,8,"Piloto"
411,24,55,1,2019,8,"Piloto"
410,23,53,1,2019,8,"Piloto"
409,23,57,2,2019,8,"Piloto"
408,22,52,2,2019,8,"Piloto"
407,22,63,1,2019,8,"Piloto"
406,21,44,2,2019,8,"Piloto"
405,21,58,1,2019,8,"Piloto"
404,30,45,2,2019,8,"Piloto"
403,30,49,1,2019,8,"Piloto"
402,29,50,2,2019,8,"Piloto"
401,29,60,1,2019,7,"Piloto"
400,28,61,2,2019,7,"Piloto"
399,28,47,1,2019,7,"Piloto"
398,27,65,2,2019,7,"Piloto"
397,27,53,1,2019,7,"Piloto"
396,26,48,2,2019,7,"Piloto"
395,26,46,1,2019,7,"Piloto"
394,25,59,2,2019,7,"Piloto"
393,25,54,1,2019,7,"Piloto"
392,24,64,2,2019,7,"Piloto"
391,24,55,1,2019,7,"Piloto"
390,23,43,1,2019,7,"Piloto"
389,23,52,2,2019,7,"Piloto"
388,22,57,2,2019,7,"Piloto"
387,22,58,1,2019,7,"Piloto"
386,21,44,2,2019,7,"Piloto"
385,21,63,1,2019,7,"Piloto"
384,30,45,2,2019,7,"Piloto"
383,30,49,1,2019,7,"Piloto"
382,29,50,2,2019,7,"Piloto"
381,29,60,1,2019,6,"Piloto"
380,28,61,2,2019,6,"Piloto"
379,28,47,1,2019,6,"Piloto"
378,27,65,2,2019,6,"Piloto"
377,27,53,1,2019,6,"Piloto"
376,26,48,2,2019,6,"Piloto"
375,26,46,1,2019,6,"Piloto"
374,25,52,2,2019,6,"Piloto"
373,25,54,1,2019,6,"Piloto"
372,24,64,2,2019,6,"Piloto"
371,24,55,1,2019,6,"Piloto"
370,23,43,1,2019,6,"Piloto"
369,23,57,2,2019,6,"Piloto"
368,22,51,2,2019,6,"Piloto"
367,22,58,1,2019,6,"Piloto"
366,21,44,2,2019,6,"Piloto"
365,21,63,1,2019,6,"Piloto"
364,30,45,2,2019,6,"Piloto"
363,30,49,1,2019,6,"Piloto"
362,29,50,2,2019,6,"Piloto"
361,29,65,1,2019,5,"Piloto"
360,28,61,2,2019,5,"Piloto"
359,28,47,1,2019,5,"Piloto"
358,27,54,2,2019,5,"Piloto"
357,27,53,1,2019,5,"Piloto"
356,26,48,2,2019,5,"Piloto"
355,26,46,1,2019,5,"Piloto"
354,25,52,2,2019,5,"Piloto"
353,25,43,1,2019,5,"Piloto"
352,24,64,2,2019,5,"Piloto"
351,24,59,1,2019,5,"Piloto"
350,23,55,1,2019,5,"Piloto"
349,23,63,2,2019,5,"Piloto"
348,22,51,2,2019,5,"Piloto"
347,22,58,1,2019,5,"Piloto"
346,21,44,2,2019,5,"Piloto"
345,21,57,1,2019,5,"Piloto"
344,30,45,2,2019,5,"Piloto"
343,30,49,1,2019,5,"Piloto"
342,29,50,2,2019,5,"Piloto"
341,29,65,1,2019,4,"Piloto"
340,28,61,2,2019,4,"Piloto"
339,28,47,1,2019,4,"Piloto"
338,27,54,2,2019,4,"Piloto"
337,27,53,1,2019,4,"Piloto"
336,26,48,2,2019,4,"Piloto"
335,26,50,1,2019,4,"Piloto"
334,25,52,2,2019,4,"Piloto"
333,25,43,1,2019,4,"Piloto"
332,24,64,2,2019,4,"Piloto"
331,24,59,1,2019,4,"Piloto"
330,23,45,1,2019,4,"Piloto"
329,23,63,2,2019,4,"Piloto"
328,22,51,2,2019,4,"Piloto"
327,22,58,1,2019,4,"Piloto"
326,21,44,2,2019,4,"Piloto"
325,21,57,1,2019,4,"Piloto"
324,30,55,2,2019,4,"Piloto"
323,30,49,1,2019,4,"Piloto"
322,29,46,2,2019,4,"Piloto"
321,29,65,1,2019,3,"Piloto"
320,28,61,2,2019,3,"Piloto"
319,28,47,1,2019,3,"Piloto"
318,27,54,2,2019,3,"Piloto"
317,27,53,1,2019,3,"Piloto"
316,26,60,2,2019,3,"Piloto"
315,26,50,1,2019,3,"Piloto"
314,25,52,2,2019,3,"Piloto"
313,25,43,1,2019,3,"Piloto"
312,24,64,2,2019,3,"Piloto"
311,24,59,1,2019,3,"Piloto"
310,23,45,1,2019,3,"Piloto"
309,23,63,2,2019,3,"Piloto"
308,22,51,2,2019,3,"Piloto"
307,22,48,1,2019,3,"Piloto"
306,21,44,2,2019,3,"Piloto"
305,21,57,1,2019,3,"Piloto"
304,30,55,2,2019,3,"Piloto"
303,30,49,1,2019,3,"Piloto"
302,29,46,2,2019,3,"Piloto"
301,29,65,1,2019,2,"Piloto"
300,28,61,2,2019,2,"Piloto"
299,28,47,1,2019,2,"Piloto"
298,27,54,2,2019,2,"Piloto"
297,27,53,1,2019,2,"Piloto"
296,26,60,2,2019,2,"Piloto"
295,26,50,1,2019,2,"Piloto"
294,25,52,2,2019,2,"Piloto"
293,25,51,1,2019,2,"Piloto"
292,24,64,2,2019,2,"Piloto"
291,24,59,1,2019,2,"Piloto"
290,23,45,1,2019,2,"Piloto"
289,23,63,2,2019,2,"Piloto"
288,22,46,2,2019,2,"Piloto"
287,22,48,1,2019,2,"Piloto"
286,21,44,2,2019,2,"Piloto"
285,21,43,1,2019,2,"Piloto"
284,30,55,2,2019,2,"Piloto"
283,30,49,1,2019,2,"Piloto"
282,29,58,2,2019,2,"Piloto"
281,30,64,2,2019,1,"Piloto"
280,30,62,1,2019,1,"Piloto"
279,29,58,2,2019,1,"Piloto"
278,29,65,1,2019,1,"Piloto"
277,28,63,2,2019,1,"Piloto"
276,28,55,1,2019,1,"Piloto"
275,27,54,2,2019,1,"Piloto"
274,27,53,1,2019,1,"Piloto"
273,26,60,2,2019,1,"Piloto"
272,26,50,1,2019,1,"Piloto"
271,25,52,2,2019,1,"Piloto"
270,25,51,1,2019,1,"Piloto"
269,24,59,2,2019,1,"Piloto"
268,24,49,1,2019,1,"Piloto"
267,23,45,2,2019,1,"Piloto"
266,23,47,1,2019,1,"Piloto"
265,22,46,2,2019,1,"Piloto"
264,22,48,1,2019,1,"Piloto"
263,21,44,2,2019,1,"Piloto"
262,21,43,1,2019,1,"Piloto"
261,20,41,2,2018,9,"Piloto"
260,20,40,1,2018,9,"Piloto"
259,19,39,2,2018,9,"Piloto"
258,19,38,1,2018,9,"Piloto"
257,18,37,2,2018,9,"Piloto"
256,18,36,1,2018,9,"Piloto"
255,17,35,2,2018,9,"Piloto"
254,17,34,1,2018,9,"Piloto"
253,16,33,2,2018,9,"Piloto"
252,16,32,1,2018,9,"Piloto"
251,15,31,2,2018,9,"Piloto"
250,15,30,1,2018,9,"Piloto"
249,14,29,2,2018,9,"Piloto"
248,14,28,1,2018,9,"Piloto"
247,13,27,2,2018,9,"Piloto"
246,13,26,1,2018,9,"Piloto"
245,12,25,2,2018,9,"Piloto"
244,12,42,1,2018,9,"Piloto"
243,11,23,2,2018,9,"Piloto"
242,11,22,1,2018,9,"Piloto"
241,20,41,2,2018,8,"Piloto"
240,20,40,1,2018,8,"Piloto"
239,19,39,2,2018,8,"Piloto"
238,19,38,1,2018,8,"Piloto"
237,18,37,2,2018,8,"Piloto"
236,18,36,1,2018,8,"Piloto"
235,17,35,2,2018,8,"Piloto"
234,17,34,1,2018,8,"Piloto"
233,16,33,2,2018,8,"Piloto"
232,16,32,1,2018,8,"Piloto"
231,15,31,2,2018,8,"Piloto"
230,15,30,1,2018,8,"Piloto"
229,14,29,2,2018,8,"Piloto"
228,14,28,1,2018,8,"Piloto"
227,13,27,2,2018,8,"Piloto"
226,13,26,1,2018,8,"Piloto"
225,12,25,2,2018,8,"Piloto"
224,12,42,1,2018,8,"Piloto"
223,11,23,2,2018,8,"Piloto"
222,11,22,1,2018,8,"Piloto"
221,20,41,2,2018,7,"Piloto"
220,20,40,1,2018,7,"Piloto"
219,19,39,2,2018,7,"Piloto"
218,19,38,1,2018,7,"Piloto"
217,18,37,2,2018,7,"Piloto"
216,18,36,1,2018,7,"Piloto"
215,17,35,2,2018,7,"Piloto"
214,17,34,1,2018,7,"Piloto"
213,16,33,2,2018,7,"Piloto"
212,16,32,1,2018,7,"Piloto"
211,15,31,2,2018,7,"Piloto"
210,15,30,1,2018,7,"Piloto"
209,14,29,2,2018,7,"Piloto"
208,14,28,1,2018,7,"Piloto"
207,13,27,2,2018,7,"Piloto"
206,13,26,1,2018,7,"Piloto"
205,12,25,2,2018,7,"Piloto"
204,12,42,1,2018,7,"Piloto"
203,11,23,2,2018,7,"Piloto"
202,11,22,1,2018,7,"Piloto"
201,20,41,2,2018,6,"Piloto"
200,20,40,1,2018,6,"Piloto"
199,19,39,2,2018,6,"Piloto"
198,19,38,1,2018,6,"Piloto"
197,18,37,2,2018,6,"Piloto"
196,18,36,1,2018,6,"Piloto"
195,17,35,2,2018,6,"Piloto"
194,17,34,1,2018,6,"Piloto"
193,16,33,2,2018,6,"Piloto"
192,16,32,1,2018,6,"Piloto"
191,15,31,2,2018,6,"Piloto"
190,15,30,1,2018,6,"Piloto"
189,14,29,2,2018,6,"Piloto"
188,14,28,1,2018,6,"Piloto"
187,13,27,2,2018,6,"Piloto"
186,13,26,1,2018,6,"Piloto"
185,12,25,2,2018,6,"Piloto"
184,12,42,1,2018,6,"Piloto"
183,11,23,2,2018,6,"Piloto"
182,11,22,1,2018,6,"Piloto"
181,20,41,2,2018,5,"Piloto"
180,20,40,1,2018,5,"Piloto"
179,19,39,2,2018,5,"Piloto"
178,19,38,1,2018,5,"Piloto"
177,18,37,2,2018,5,"Piloto"
176,18,36,1,2018,5,"Piloto"
175,17,35,2,2018,5,"Piloto"
174,17,34,1,2018,5,"Piloto"
173,16,33,2,2018,5,"Piloto"
172,16,32,1,2018,5,"Piloto"
171,15,31,2,2018,5,"Piloto"
170,15,30,1,2018,5,"Piloto"
169,14,29,2,2018,5,"Piloto"
168,14,28,1,2018,5,"Piloto"
167,13,27,2,2018,5,"Piloto"
166,13,42,1,2018,5,"Piloto"
165,12,25,2,2018,5,"Piloto"
164,12,24,1,2018,5,"Piloto"
163,11,23,2,2018,5,"Piloto"
162,11,22,1,2018,5,"Piloto"
161,20,41,2,2018,4,"Piloto"
160,20,40,1,2018,4,"Piloto"
159,19,39,2,2018,4,"Piloto"
158,19,38,1,2018,4,"Piloto"
157,18,37,2,2018,4,"Piloto"
156,18,36,1,2018,4,"Piloto"
155,17,35,2,2018,4,"Piloto"
154,17,34,1,2018,4,"Piloto"
153,16,33,2,2018,4,"Piloto"
152,16,32,1,2018,4,"Piloto"
151,15,31,2,2018,4,"Piloto"
150,15,30,1,2018,4,"Piloto"
149,14,29,2,2018,4,"Piloto"
148,14,28,1,2018,4,"Piloto"
147,13,27,2,2018,4,"Piloto"
146,13,42,1,2018,4,"Piloto"
145,12,25,2,2018,4,"Piloto"
144,12,24,1,2018,4,"Piloto"
143,11,23,2,2018,4,"Piloto"
142,11,22,1,2018,4,"Piloto"
141,20,41,2,2018,3,"Piloto"
140,20,40,1,2018,3,"Piloto"
139,19,39,2,2018,3,"Piloto"
138,19,38,1,2018,3,"Piloto"
137,18,37,2,2018,3,"Piloto"
136,18,36,1,2018,3,"Piloto"
135,17,35,2,2018,3,"Piloto"
134,17,34,1,2018,3,"Piloto"
133,16,33,2,2018,3,"Piloto"
132,16,32,1,2018,3,"Piloto"
131,15,31,2,2018,3,"Piloto"
130,15,30,1,2018,3,"Piloto"
129,14,29,2,2018,3,"Piloto"
128,14,28,1,2018,3,"Piloto"
127,13,27,2,2018,3,"Piloto"
126,13,42,1,2018,3,"Piloto"
125,12,25,2,2018,3,"Piloto"
124,12,24,1,2018,3,"Piloto"
123,11,23,2,2018,3,"Piloto"
122,11,22,1,2018,3,"Piloto"
121,20,41,2,2018,2,"Piloto"
120,20,40,1,2018,2,"Piloto"
119,19,39,2,2018,2,"Piloto"
118,19,38,1,2018,2,"Piloto"
117,18,37,2,2018,2,"Piloto"
116,18,36,1,2018,2,"Piloto"
115,17,35,2,2018,2,"Piloto"
114,17,34,1,2018,2,"Piloto"
113,16,33,2,2018,2,"Piloto"
112,16,32,1,2018,2,"Piloto"
111,15,31,2,2018,2,"Piloto"
110,15,30,1,2018,2,"Piloto"
109,14,29,2,2018,2,"Piloto"
108,14,28,1,2018,2,"Piloto"
107,13,27,2,2018,2,"Piloto"
106,13,42,1,2018,2,"Piloto"
105,12,25,2,2018,2,"Piloto"
104,12,24,1,2018,2,"Piloto"
103,11,23,2,2018,2,"Piloto"
102,11,22,1,2018,2,"Piloto"
101,20,41,2,2018,1,"Piloto"
100,20,40,1,2018,1,"Piloto"
99,19,39,2,2018,1,"Piloto"
98,19,38,1,2018,1,"Piloto"
97,18,37,2,2018,1,"Piloto"
96,18,36,1,2018,1,"Piloto"
95,17,35,2,2018,1,"Piloto"
94,17,34,1,2018,1,"Piloto"
93,16,33,2,2018,1,"Piloto"
92,16,32,1,2018,1,"Piloto"
91,15,31,2,2018,1,"Piloto"
90,15,30,1,2018,1,"Piloto"
89,14,29,2,2018,1,"Piloto"
88,14,28,1,2018,1,"Piloto"
87,13,27,2,2018,1,"Piloto"
86,13,42,1,2018,1,"Piloto"
85,12,25,2,2018,1,"Piloto"
84,12,24,1,2018,1,"Piloto"
83,11,23,2,2018,1,"Piloto"
82,11,22,1,2018,1,"Piloto"
81,10,20,2,2017,4,"Piloto"
80,10,19,1,2017,4,"Piloto"
79,9,18,2,2017,4,"Piloto"
78,9,17,1,2017,4,"Piloto"
77,8,16,2,2017,4,"Piloto"
76,8,15,1,2017,4,"Piloto"
75,7,14,2,2017,4,"Piloto"
74,7,13,1,2017,4,"Piloto"
73,6,12,2,2017,4,"Piloto"
72,6,11,1,2017,4,"Piloto"
71,5,10,2,2017,4,"Piloto"
70,5,9,1,2017,4,"Piloto"
69,4,21,2,2017,4,"Piloto"
68,4,7,1,2017,4,"Piloto"
67,3,6,2,2017,4,"Piloto"
66,3,5,1,2017,4,"Piloto"
65,2,4,2,2017,4,"Piloto"
64,2,3,1,2017,4,"Piloto"
63,1,2,2,2017,4,"Piloto"
62,1,1,1,2017,4,"Piloto"
61,10,20,2,2017,3,"Piloto"
