id,ano_jogo,ordem,nome_prova,abreviacao_prova,sprint,bandeira
138,2023,1,Bahrein,BAH,False,
139,2023,2,Jidah,JID,False,
140,2023,3,Azerbaijão,AZE,True,
141,2023,4,Miami,MIA,False,
142,2023,5,Imola,IMO,False,
143,2023,6,Monaco,MON,False,
144,2023,7,Espanha,ESP,False,
145,2023,8,Canada,CAN,False,
146,2023,9,Austria,AUT,True,
148,2023,10,França,FRA,False,
149,2023,11,Belgica,BEL,True,
150,2023,12,Italia,ITA,False,
151,2023,13,Mexico,MEX,False,
152,2023,14,Brasil,BRA,True,
154,2024,1,Bahrein,BAH,False,
155,2024,2,Jidah,JID,False,
156,2024,3,Miami,MIA,True,
157,2024,4,Imola,IMO,False,
158,2024,5,Monaco,MON,False,
159,2024,6,Canada,CAN,False,
160,2024,7,Espanha,ESP,False,
161,2024,8,Austria,AUT,True,
162,2024,9,Inglaterra,ING,False,
163,2024,10,Belgica,BEL,False,
164,2024,11,Italia,ITA,False,
165,2024,12,Azerbaijao,AZE,False,
166,2024,13,Mexico,MEX,False,
167,2024,14,Brasil,BRA,True,
168,2024,15,Las Vegas,VEG,False,
169,2024,16,Qatar,QAT,True,
170,2025,1,Bahrein,BAH,False,
171,2025,2,Jidah,JID,False,
172,2025,3,Miami,MIA,True,
173,2025,4,Imola,IMO,False,
174,2025,5,Monaco,MON,False,
175,2025,6,Espanha,ESP,False,
176,2025,7,Canada,CAN,False,
177,2025,8,Austria,AUT,False,
178,2025,9,Inglaterra,ING,False,
179,2025,10,Belgica,BEL,True,
180,2025,11,Italia,ITA,False,
181,2025,12,Azerbaijao,AZE,False,
182,2025,13,Mexico,MEX,False,
183,2025,14,Brasil,BRA,True,
184,2025,15,Las Vegas,VEG,False,
185,2025,16,Qatar,QAT,True,
106,2022,1,Bahrein,BAH,False,
107,2022,2,Jidah,JID,False,
108,2022,3,Imola,IMO,True,
109,2022,4,Miami,MIA,False,
110,2022,5,Espanha,ESP,False,
111,2022,6,Monaco,MON,False,
112,2022,7,Azerbaijão,AZE,False,
113,2022,8,Canada,CAN,False,
114,2022,9,Inglaterra,ING,False,
115,2022,10,Austria,AUT,False,
116,2022,11,França,FRA,False,
117,2022,12,Belgica,BEL,False,
118,2022,13,Italia,ITA,False,
119,2022,14,Mexico,MEX,False,
120,2022,15,Portimao,POR,False,
121,2022,16,Brasil,BRA,True,
147,2023,15,Inglaterra,ING,False,
153,2023,16,Las Vegas,VEG,False,
1,2017,1,Australia,AUS,False,
2,2017,2,China,CHN,False,
3,2017,3,Bahrein,BAH,False,
4,2017,4,Russia,RUS,False,
5,2017,5,Espanha,ESP,False,
6,2017,6,Monaco,MON,False,
7,2017,7,Canada,CAN,False,
13,2017,8,Italia,ITA,False,
14,2017,9,Cingapura,CIN,False,
15,2017,10,Malasia,MAL,False,
16,2017,11,Japao,JAP,False,
17,2017,12,EUA,EUA,False,
18,2017,13,Mexico,MEX,False,
19,2017,14,Brasil,BRA,False,
20,2017,15,Abu Dhabi,ABU,False,
21,2018,1,Australia,AUS,False,
22,2018,2,Bahrein,BAH,False,
23,2018,3,China,CHI,False,
24,2018,4,Azerbaijão,AZE,False,
25,2018,5,Espanha,ESP,False,
26,2018,6,Monaco,MON,False,
27,2018,7,Canada,CAN,False,
28,2018,8,França,FRA,False,
29,2018,9,Austria,AUT,False,
30,2018,10,Inglaterra,ING,False,
31,2018,11,Alemanha,ALE,False,
32,2018,12,Hungria,HUN,False,
33,2018,13,Belgica,BEL,False,
34,2018,14,Italia,ITA,False,
35,2018,15,Cingapura,CIN,False,
36,2018,16,Russia,RUS,False,
37,2018,17,Japao,JAP,False,
38,2018,18,EUA,EUA,False,
39,2018,19,Mexico,MEX,False,
40,2018,20,Brasil,BRA,False,
41,2018,21,Abu Dhabi,ABU,False,
42,2019,1,Australia,AUS,False,
43,2019,2,Bahrein,BAH,False,
44,2019,3,China,CHI,False,
45,2019,4,Azerbaijão,AZE,False,
46,2019,5,Espanha,ESP,False,
47,2019,6,Monaco,MON,False,
48,2019,7,Canadá,CAN,False,
49,2019,8,França,FRA,False,
50,2019,9,Austria,AUT,False,
51,2019,10,Inglaterra,ING,False,
52,2019,11,Alemanha,ALE,False,
53,2019,12,Hungria,HUN,False,
54,2019,13,Belgica,BEL,False,
55,2019,14,Italia,ITA,False,
56,2019,15,Cingapura,CIN,False,
57,2019,16,Russia,RUS,False,
58,2019,17,Japão,JAP,False,
59,2019,18,Mexico,MEX,False,
60,2019,19,Estados Unidos,EUA,False,
61,2019,20,Brasil,BRA,False,
62,2019,21,Abu Dhabi,ABU,False,
63,2020,1,Austrália,AUS,False,
64,2020,2,Bahrein,BAH,False,
65,2020,3,Vietna,HAN,False,
66,2020,4,China,CHI,False,
67,2020,5,Holanda,HOL,False,
68,2020,6,Espanha,ESP,False,
69,2020,7,Monaco,MON,False,
70,2020,8,Azerbaijão,AZE,False,
71,2020,9,Canadá,CAN,False,
72,2020,10,França,FRA,False,
73,2020,11,Austria,AUT,False,
74,2020,12,Inglarerra,ING,False,
75,2020,13,Hungria,HUN,False,
76,2020,14,Bélgica,BEL,False,
77,2020,15,Itália,ITA,False,
78,2020,16,Cingapura,CIN,False,
79,2020,17,Rússia,RUS,False,
80,2020,18,Japão,JAP,False,
81,2020,19,Estados Unidos,EUA,False,
82,2020,20,México,MEX,False,
83,2020,21,Brasil,BRA,False,
84,2020,22,Abu Dhabi,ABU,False,
86,2021,1,Emilia-Romagna,IMO,False,
87,2021,2,Portugal,POR,False,
88,2021,3,Espanha,ESP,False,
89,2021,4,Monaco,MON,False,
91,2021,5,Canadá,CAN,False,
92,2021,6,França,FRA,False,
93,2021,7,Austria,AUT,False,
94,2021,8,Inglaterra,ING,False,
96,2021,9,Belgica,BEL,False,
97,2021,10,Holanda,HOL,False,
98,2021,11,Italia,ITA,False,
99,2021,12,Russia,RUS,False,
101,2021,13,Japão,JAP,False,
102,2021,14,Mexico,MEX,False,
103,2021,15,Brasil,BRA,False,
105,2021,16,Arabia Saudita,ARA,False,
8,2017,16,Azerbaijão,AZE,False,
9,2017,17,Austria,AUT,False,
10,2017,18,Inglaterra,ING,False,
11,2017,19,Hungria,HUN,False,
12,2017,20,Belgica,BEL,False,
