id,ano_jogo,temporada,id_equipe,id_piloto,status_piloto,tipo_carreira
455,2019,10,26,47,1,PILOTO
459,2019,10,28,51,1,PILOTO
462,2020,1,31,71,1,PILOTO
463,2020,1,31,72,2,PILOTO
464,2020,1,32,73,1,PILOTO
465,2020,1,32,74,2,PILOTO
466,2020,1,33,75,1,PILOTO
467,2020,1,33,76,2,PILOTO
468,2020,1,34,77,1,PILOTO
469,2020,1,34,78,2,PILOTO
470,2020,1,35,79,1,PILOTO
471,2020,1,35,80,2,PILOTO
472,2020,1,36,81,1,PILOTO
473,2020,1,36,82,2,PILOTO
474,2020,1,37,83,1,PILOTO
475,2020,1,37,84,2,PILOTO
476,2020,1,38,85,1,PILOTO
477,2020,1,38,86,2,PILOTO
478,2020,1,39,87,1,PILOTO
479,2020,1,39,88,2,PILOTO
480,2020,1,40,90,1,PILOTO
481,2020,1,40,91,2,PILOTO
482,2020,2,31,71,1,PILOTO
483,2020,2,31,72,2,PILOTO
484,2020,2,32,73,1,PILOTO
485,2020,2,32,74,2,PILOTO
486,2020,2,33,75,1,PILOTO
487,2020,2,33,76,2,PILOTO
488,2020,2,34,91,1,PILOTO
489,2020,2,34,78,2,PILOTO
490,2020,2,35,79,1,PILOTO
491,2020,2,35,80,2,PILOTO
492,2020,2,36,81,1,PILOTO
493,2020,2,36,82,2,PILOTO
494,2020,2,37,83,1,PILOTO
495,2020,2,37,84,2,PILOTO
496,2020,2,38,85,1,PILOTO
497,2020,2,38,86,2,PILOTO
498,2020,2,39,77,1,PILOTO
499,2020,2,39,88,2,PILOTO
500,2020,2,40,90,1,PILOTO
501,2020,2,40,92,2,PILOTO
502,2020,3,31,91,1,PILOTO
503,2020,3,31,72,2,PILOTO
504,2020,3,32,92,1,PILOTO
505,2020,3,32,74,2,PILOTO
506,2020,3,33,75,1,PILOTO
507,2020,3,33,76,2,PILOTO
508,2020,3,34,86,1,PILOTO
509,2020,3,34,78,2,PILOTO
510,2020,3,35,79,1,PILOTO
511,2020,3,35,80,2,PILOTO
512,2020,3,36,81,1,PILOTO
513,2020,3,36,82,2,PILOTO
514,2020,3,37,83,1,PILOTO
1,2017,1,1,1,1,PILOTO
515,2020,3,37,84,2,PILOTO
516,2020,3,38,85,1,PILOTO
517,2020,3,38,93,2,PILOTO
518,2020,3,39,77,1,PILOTO
519,2020,3,39,88,2,PILOTO
520,2020,3,40,90,1,PILOTO
521,2020,3,40,71,2,PILOTO
522,2020,4,31,91,1,PILOTO
523,2020,4,31,72,2,PILOTO
524,2020,4,32,92,1,PILOTO
525,2020,4,32,74,2,PILOTO
526,2020,4,33,75,1,PILOTO
527,2020,4,33,76,2,PILOTO
528,2020,4,34,94,1,PILOTO
529,2020,4,34,78,2,PILOTO
530,2020,4,35,79,1,PILOTO
531,2020,4,35,80,2,PILOTO
532,2020,4,36,81,1,PILOTO
533,2020,4,36,82,2,PILOTO
534,2020,4,37,83,1,PILOTO
535,2020,4,37,84,2,PILOTO
536,2020,4,38,85,1,PILOTO
537,2020,4,38,93,2,PILOTO
538,2020,4,39,77,1,PILOTO
539,2020,4,39,88,2,PILOTO
540,2020,4,40,90,1,PILOTO
541,2020,4,40,71,2,PILOTO
542,2020,5,31,91,1,PILOTO
543,2020,5,31,72,2,PILOTO
544,2020,5,32,92,1,PILOTO
545,2020,5,32,74,2,PILOTO
546,2020,5,33,75,1,PILOTO
547,2020,5,33,76,2,PILOTO
548,2020,5,34,94,1,PILOTO
549,2020,5,34,78,2,PILOTO
550,2020,5,35,79,1,PILOTO
551,2020,5,35,80,2,PILOTO
552,2020,5,36,81,1,PILOTO
553,2020,5,36,82,2,PILOTO
554,2020,5,37,83,1,PILOTO
555,2020,5,37,84,2,PILOTO
556,2020,5,38,85,1,PILOTO
557,2020,5,38,93,2,PILOTO
558,2020,5,39,77,1,PILOTO
559,2020,5,39,88,2,PILOTO
560,2020,5,40,90,1,PILOTO
561,2020,5,40,71,2,PILOTO
562,2020,6,31,91,1,PILOTO
563,2020,6,31,72,2,PILOTO
564,2020,6,32,92,1,PILOTO
565,2020,6,32,74,2,PILOTO
566,2020,6,33,75,1,PILOTO
567,2020,6,33,76,2,PILOTO
568,2020,6,34,94,1,PILOTO
569,2020,6,34,78,2,PILOTO
570,2020,6,35,79,1,PILOTO
571,2020,6,35,80,2,PILOTO
572,2020,6,36,81,1,PILOTO
573,2020,6,36,82,2,PILOTO
574,2020,6,37,83,1,PILOTO
575,2020,6,37,84,2,PILOTO
576,2020,6,38,85,1,PILOTO
577,2020,6,38,93,2,PILOTO
578,2020,6,39,95,1,PILOTO
579,2020,6,39,88,2,PILOTO
580,2020,6,40,90,1,PILOTO
581,2020,6,40,71,2,PILOTO
582,2021,1,41,98,1,PILOTO
583,2021,1,41,99,2,PILOTO
584,2021,1,42,102,1,PILOTO
585,2021,1,42,103,2,PILOTO
586,2021,1,43,106,1,PILOTO
587,2021,1,43,109,2,PILOTO
588,2021,1,44,100,1,PILOTO
589,2021,1,44,105,2,PILOTO
590,2021,1,45,124,1,PILOTO
591,2021,1,45,107,2,PILOTO
592,2021,1,46,101,1,PILOTO
593,2021,1,46,108,2,PILOTO
594,2021,1,47,110,1,PILOTO
595,2021,1,47,123,2,PILOTO
596,2021,1,48,114,1,PILOTO
597,2021,1,48,115,2,PILOTO
2,2017,1,1,2,2,PILOTO
598,2021,1,49,112,1,PILOTO
599,2021,1,49,113,2,PILOTO
600,2021,1,50,117,1,PILOTO
601,2021,1,50,118,2,PILOTO
602,2022,1,51,125,1,PILOTO
603,2022,1,51,143,2,PILOTO
604,2022,1,52,128,1,PILOTO
605,2022,1,52,134,2,PILOTO
606,2022,1,53,148,1,PILOTO
607,2022,1,53,144,2,PILOTO
608,2022,1,54,129,1,PILOTO
609,2022,1,54,130,2,PILOTO
610,2022,1,55,127,1,PILOTO
611,2022,1,55,131,2,PILOTO
612,2022,1,56,149,1,PILOTO
613,2022,1,56,133,2,PILOTO
614,2022,1,57,136,1,PILOTO
615,2022,1,57,146,2,PILOTO
616,2022,1,58,126,1,PILOTO
617,2022,1,58,147,2,PILOTO
618,2022,1,59,135,1,PILOTO
619,2022,1,59,132,2,PILOTO
620,2022,1,60,145,1,PILOTO
621,2022,1,60,138,2,PILOTO
622,2022,2,51,125,1,PILOTO
623,2022,2,51,143,2,PILOTO
624,2022,2,52,128,1,PILOTO
625,2022,2,52,134,2,PILOTO
626,2022,2,53,148,1,PILOTO
627,2022,2,53,147,2,PILOTO
628,2022,2,54,129,1,PILOTO
629,2022,2,54,130,2,PILOTO
630,2022,2,55,127,1,PILOTO
631,2022,2,55,131,2,PILOTO
632,2022,2,56,144,1,PILOTO
633,2022,2,56,133,2,PILOTO
634,2022,2,57,136,1,PILOTO
635,2022,2,57,146,2,PILOTO
3,2017,1,2,3,1,PILOTO
636,2022,2,58,126,1,PILOTO
637,2022,2,58,142,2,PILOTO
638,2022,2,59,135,1,PILOTO
639,2022,2,59,132,2,PILOTO
640,2022,2,60,145,1,PILOTO
641,2022,2,60,138,2,PILOTO
642,2022,3,51,125,1,PILOTO
643,2022,3,51,144,2,PILOTO
644,2022,3,52,128,1,PILOTO
645,2022,3,52,134,2,PILOTO
646,2022,3,53,148,1,PILOTO
647,2022,3,53,150,2,PILOTO
648,2022,3,54,129,1,PILOTO
649,2022,3,54,130,2,PILOTO
650,2022,3,55,127,1,PILOTO
651,2022,3,55,131,2,PILOTO
652,2022,3,56,143,1,PILOTO
653,2022,3,56,133,2,PILOTO
654,2022,3,57,136,1,PILOTO
655,2022,3,57,146,2,PILOTO
656,2022,3,58,126,1,PILOTO
657,2022,3,58,142,2,PILOTO
658,2022,3,59,135,1,PILOTO
659,2022,3,59,147,2,PILOTO
660,2022,3,60,145,1,PILOTO
661,2022,3,60,138,2,PILOTO
662,2022,4,51,129,1,PILOTO
663,2022,4,51,144,2,PILOTO
664,2022,4,52,128,1,PILOTO
665,2022,4,52,134,2,PILOTO
666,2022,4,53,148,1,PILOTO
667,2022,4,53,150,2,PILOTO
668,2022,4,54,145,1,PILOTO
669,2022,4,54,130,2,PILOTO
670,2022,4,55,127,1,PILOTO
671,2022,4,55,131,2,PILOTO
672,2022,4,56,143,1,PILOTO
673,2022,4,56,133,2,PILOTO
674,2022,4,57,136,1,PILOTO
675,2022,4,57,146,2,PILOTO
676,2022,4,58,151,1,PILOTO
677,2022,4,58,142,2,PILOTO
678,2022,4,59,135,1,PILOTO
679,2022,4,59,147,2,PILOTO
680,2022,4,60,126,1,PILOTO
681,2022,4,60,138,2,PILOTO
682,2022,5,51,129,1,PILOTO
683,2022,5,51,144,2,PILOTO
684,2022,5,52,128,1,PILOTO
685,2022,5,52,134,2,PILOTO
686,2022,5,53,148,1,PILOTO
687,2022,5,53,152,2,PILOTO
688,2022,5,54,145,1,PILOTO
689,2022,5,54,131,2,PILOTO
690,2022,5,55,126,1,PILOTO
691,2022,5,55,153,2,PILOTO
692,2022,5,56,143,1,PILOTO
693,2022,5,56,133,2,PILOTO
694,2022,5,57,136,1,PILOTO
695,2022,5,57,146,2,PILOTO
696,2022,5,58,151,1,PILOTO
697,2022,5,58,142,2,PILOTO
698,2022,5,59,135,1,PILOTO
699,2022,5,59,147,2,PILOTO
700,2022,5,60,150,1,PILOTO
701,2022,5,60,138,2,PILOTO
702,2023,1,61,154,1,PILOTO
703,2023,1,61,155,2,PILOTO
704,2023,1,62,156,1,PILOTO
705,2023,1,62,157,2,PILOTO
706,2023,1,63,158,1,PILOTO
707,2023,1,63,159,2,PILOTO
708,2023,1,64,160,1,PILOTO
709,2023,1,64,161,2,PILOTO
710,2023,1,65,162,1,PILOTO
711,2023,1,65,163,2,PILOTO
712,2023,1,66,164,1,PILOTO
713,2023,1,66,165,2,PILOTO
714,2023,1,67,166,1,PILOTO
715,2023,1,67,167,2,PILOTO
716,2023,1,68,168,1,PILOTO
717,2023,1,68,169,2,PILOTO
718,2023,1,69,170,1,PILOTO
4,2017,1,2,4,2,PILOTO
719,2023,1,69,171,2,PILOTO
720,2023,1,70,172,1,PILOTO
721,2023,1,70,176,2,PILOTO
722,2023,2,61,154,1,PILOTO
723,2023,2,61,155,2,PILOTO
724,2023,2,62,156,1,PILOTO
725,2023,2,62,157,2,PILOTO
726,2023,2,63,158,1,PILOTO
727,2023,2,63,159,2,PILOTO
728,2023,2,64,160,1,PILOTO
729,2023,2,64,161,2,PILOTO
730,2023,2,65,162,1,PILOTO
731,2023,2,65,163,2,PILOTO
732,2023,2,66,164,1,PILOTO
733,2023,2,66,165,2,PILOTO
734,2023,2,67,167,1,PILOTO
735,2023,2,67,176,2,PILOTO
736,2023,2,68,168,1,PILOTO
737,2023,2,68,172,2,PILOTO
738,2023,2,69,170,1,PILOTO
739,2023,2,69,171,2,PILOTO
740,2023,2,70,173,1,PILOTO
741,2023,2,70,177,2,PILOTO
742,2023,3,61,154,1,PILOTO
743,2023,3,61,155,2,PILOTO
744,2023,3,62,156,1,PILOTO
745,2023,3,62,157,2,PILOTO
746,2023,3,63,158,1,PILOTO
747,2023,3,63,159,2,PILOTO
748,2023,3,64,160,1,PILOTO
749,2023,3,64,161,2,PILOTO
750,2023,3,65,162,1,PILOTO
751,2023,3,65,163,2,PILOTO
752,2023,3,66,164,1,PILOTO
753,2023,3,66,165,2,PILOTO
754,2023,3,67,167,1,PILOTO
755,2023,3,67,176,2,PILOTO
756,2023,3,68,168,1,PILOTO
757,2023,3,68,172,2,PILOTO
758,2023,3,69,170,1,PILOTO
759,2023,3,69,171,2,PILOTO
760,2023,3,70,173,1,PILOTO
761,2023,3,70,177,2,PILOTO
762,2023,4,61,154,1,PILOTO
763,2023,4,61,155,2,PILOTO
764,2023,4,62,156,1,PILOTO
765,2023,4,62,157,2,PILOTO
766,2023,4,63,162,1,PILOTO
767,2023,4,63,159,2,PILOTO
768,2023,4,64,160,1,PILOTO
769,2023,4,64,161,2,PILOTO
770,2023,4,65,178,1,PILOTO
771,2023,4,65,163,2,PILOTO
772,2023,4,66,164,1,PILOTO
773,2023,4,66,165,2,PILOTO
774,2023,4,67,167,1,PILOTO
775,2023,4,67,176,2,PILOTO
776,2023,4,68,168,1,PILOTO
777,2023,4,68,172,2,PILOTO
778,2023,4,69,170,1,PILOTO
779,2023,4,69,171,2,PILOTO
780,2023,4,70,173,1,PILOTO
781,2023,4,70,177,2,PILOTO
782,2023,5,61,154,1,PILOTO
783,2023,5,61,155,2,PILOTO
784,2023,5,62,156,1,PILOTO
785,2023,5,62,157,2,PILOTO
786,2023,5,63,162,1,PILOTO
787,2023,5,63,159,2,PILOTO
788,2023,5,64,160,1,PILOTO
789,2023,5,64,161,2,PILOTO
790,2023,5,65,178,1,PILOTO
791,2023,5,65,163,2,PILOTO
792,2023,5,66,164,1,PILOTO
793,2023,5,66,165,2,PILOTO
794,2023,5,67,167,1,PILOTO
795,2023,5,67,176,2,PILOTO
796,2023,5,68,168,1,PILOTO
797,2023,5,68,172,2,PILOTO
798,2023,5,69,170,1,PILOTO
799,2023,5,69,171,2,PILOTO
800,2023,5,70,173,1,PILOTO
801,2023,5,70,177,2,PILOTO
5,2017,1,3,5,1,PILOTO
802,2023,6,61,154,1,PILOTO
803,2023,6,61,155,2,PILOTO
804,2023,6,62,156,1,PILOTO
805,2023,6,62,163,2,PILOTO
806,2023,6,63,162,1,PILOTO
807,2023,6,63,159,2,PILOTO
808,2023,6,64,160,1,PILOTO
809,2023,6,64,161,2,PILOTO
810,2023,6,65,178,1,PILOTO
811,2023,6,65,171,2,PILOTO
812,2023,6,66,180,1,PILOTO
813,2023,6,66,165,2,PILOTO
814,2023,6,67,167,1,PILOTO
815,2023,6,67,176,2,PILOTO
816,2023,6,68,168,1,PILOTO
817,2023,6,68,181,2,PILOTO
818,2023,6,69,170,1,PILOTO
819,2023,6,69,172,2,PILOTO
820,2023,6,70,173,1,PILOTO
821,2023,6,70,177,2,PILOTO
822,2023,7,61,176,1,PILOTO
823,2023,7,61,159,2,PILOTO
824,2023,7,62,156,1,PILOTO
825,2023,7,62,163,2,PILOTO
826,2023,7,63,162,1,PILOTO
827,2023,7,63,180,2,PILOTO
828,2023,7,64,160,1,PILOTO
829,2023,7,64,161,2,PILOTO
830,2023,7,65,178,1,PILOTO
831,2023,7,65,171,2,PILOTO
832,2023,7,66,181,1,PILOTO
833,2023,7,66,165,2,PILOTO
834,2023,7,67,167,1,PILOTO
835,2023,7,67,172,2,PILOTO
836,2023,7,68,168,1,PILOTO
837,2023,7,68,183,2,PILOTO
838,2023,7,69,170,1,PILOTO
839,2023,7,69,179,2,PILOTO
840,2023,7,70,173,1,PILOTO
841,2023,7,70,177,2,PILOTO
842,2023,8,61,176,1,PILOTO
843,2023,8,61,180,2,PILOTO
844,2023,8,62,156,1,PILOTO
845,2023,8,62,163,2,PILOTO
846,2023,8,63,162,1,PILOTO
847,2023,8,63,172,2,PILOTO
848,2023,8,64,160,1,PILOTO
849,2023,8,64,179,2,PILOTO
850,2023,8,65,178,1,PILOTO
851,2023,8,65,171,2,PILOTO
852,2023,8,66,185,1,PILOTO
853,2023,8,66,165,2,PILOTO
854,2023,8,67,167,1,PILOTO
855,2023,8,67,181,2,PILOTO
856,2023,8,68,168,1,PILOTO
857,2023,8,68,183,2,PILOTO
858,2023,8,69,170,1,PILOTO
859,2023,8,69,182,2,PILOTO
860,2023,8,70,173,1,PILOTO
861,2023,8,70,177,2,PILOTO
862,2024,1,81,186,1,PILOTO
863,2024,1,81,187,2,PILOTO
864,2024,1,82,188,1,PILOTO
865,2024,1,82,189,2,PILOTO
866,2024,1,83,190,1,PILOTO
867,2024,1,83,191,2,PILOTO
868,2024,1,84,192,1,PILOTO
869,2024,1,84,193,2,PILOTO
870,2024,1,85,194,1,PILOTO
871,2024,1,85,195,2,PILOTO
872,2024,1,86,196,1,PILOTO
873,2024,1,86,206,2,PILOTO
874,2024,1,87,198,1,PILOTO
875,2024,1,87,199,2,PILOTO
876,2024,1,88,200,1,PILOTO
877,2024,1,88,201,2,PILOTO
878,2024,1,89,203,1,PILOTO
879,2024,1,89,202,2,PILOTO
880,2024,1,90,204,1,PILOTO
881,2024,1,90,205,2,PILOTO
882,2024,2,81,186,1,PILOTO
883,2024,2,81,194,2,PILOTO
884,2024,2,82,188,1,PILOTO
6,2017,1,3,6,2,PILOTO
885,2024,2,82,189,2,PILOTO
886,2024,2,83,190,1,PILOTO
887,2024,2,83,191,2,PILOTO
888,2024,2,84,192,1,PILOTO
889,2024,2,84,193,2,PILOTO
890,2024,2,85,187,1,PILOTO
891,2024,2,85,195,2,PILOTO
892,2024,2,86,196,1,PILOTO
893,2024,2,86,197,2,PILOTO
894,2024,2,87,198,1,PILOTO
895,2024,2,87,206,2,PILOTO
896,2024,2,88,199,1,PILOTO
897,2024,2,88,201,2,PILOTO
898,2024,2,89,203,1,PILOTO
899,2024,2,89,202,2,PILOTO
900,2024,2,90,204,1,PILOTO
901,2024,2,90,205,2,PILOTO
902,2024,3,81,186,1,PILOTO
903,2024,3,81,194,2,PILOTO
904,2024,3,82,188,1,PILOTO
905,2024,3,82,189,2,PILOTO
906,2024,3,83,190,1,PILOTO
907,2024,3,83,191,2,PILOTO
908,2024,3,84,192,1,PILOTO
909,2024,3,84,193,2,PILOTO
910,2024,3,85,187,1,PILOTO
911,2024,3,85,195,2,PILOTO
912,2024,3,86,196,1,PILOTO
913,2024,3,86,197,2,PILOTO
914,2024,3,87,198,1,PILOTO
915,2024,3,87,206,2,PILOTO
916,2024,3,88,199,1,PILOTO
917,2024,3,88,201,2,PILOTO
918,2024,3,89,208,1,PILOTO
919,2024,3,89,202,2,PILOTO
920,2024,3,90,204,1,PILOTO
921,2024,3,90,207,2,PILOTO
922,2024,4,81,186,1,PILOTO
923,2024,4,81,194,2,PILOTO
924,2024,4,82,188,1,PILOTO
925,2024,4,82,189,2,PILOTO
926,2024,4,83,190,1,PILOTO
927,2024,4,83,191,2,PILOTO
928,2024,4,84,209,1,PILOTO
929,2024,4,84,193,2,PILOTO
930,2024,4,85,187,1,PILOTO
931,2024,4,85,195,2,PILOTO
932,2024,4,86,196,1,PILOTO
933,2024,4,86,197,2,PILOTO
934,2024,4,87,192,1,PILOTO
935,2024,4,87,206,2,PILOTO
936,2024,4,88,199,1,PILOTO
937,2024,4,88,201,2,PILOTO
938,2024,4,89,208,1,PILOTO
939,2024,4,89,202,2,PILOTO
940,2024,4,90,204,1,PILOTO
941,2024,4,90,207,2,PILOTO
942,2024,5,81,186,1,PILOTO
943,2024,5,81,194,2,PILOTO
944,2024,5,82,188,1,PILOTO
945,2024,5,82,189,2,PILOTO
946,2024,5,83,206,1,PILOTO
947,2024,5,83,191,2,PILOTO
948,2024,5,84,209,1,PILOTO
949,2024,5,84,193,2,PILOTO
950,2024,5,85,190,1,PILOTO
951,2024,5,85,195,2,PILOTO
952,2024,5,86,196,1,PILOTO
953,2024,5,86,197,2,PILOTO
954,2024,5,87,192,1,PILOTO
955,2024,5,87,210,2,PILOTO
956,2024,5,88,199,1,PILOTO
957,2024,5,88,201,2,PILOTO
958,2024,5,89,208,1,PILOTO
959,2024,5,89,202,2,PILOTO
960,2024,5,90,204,1,PILOTO
961,2024,5,90,207,2,PILOTO
962,2024,6,81,186,1,PILOTO
963,2024,6,81,194,2,PILOTO
964,2024,6,82,188,1,PILOTO
965,2024,6,82,189,2,PILOTO
966,2024,6,83,206,1,PILOTO
967,2024,6,83,191,2,PILOTO
7,2017,1,4,7,1,PILOTO
968,2024,6,84,209,1,PILOTO
969,2024,6,84,193,2,PILOTO
970,2024,6,85,190,1,PILOTO
971,2024,6,85,195,2,PILOTO
972,2024,6,86,196,1,PILOTO
973,2024,6,86,197,2,PILOTO
974,2024,6,87,199,1,PILOTO
975,2024,6,87,210,2,PILOTO
976,2024,6,88,211,1,PILOTO
977,2024,6,88,201,2,PILOTO
978,2024,6,89,208,1,PILOTO
979,2024,6,89,202,2,PILOTO
980,2024,6,90,204,1,PILOTO
981,2024,6,90,207,2,PILOTO
982,2024,7,81,186,1,PILOTO
983,2024,7,81,194,2,PILOTO
984,2024,7,82,188,1,PILOTO
985,2024,7,82,189,2,PILOTO
986,2024,7,83,206,1,PILOTO
987,2024,7,83,204,2,PILOTO
988,2024,7,84,209,1,PILOTO
989,2024,7,84,193,2,PILOTO
990,2024,7,85,190,1,PILOTO
991,2024,7,85,195,2,PILOTO
992,2024,7,86,196,1,PILOTO
993,2024,7,86,197,2,PILOTO
994,2024,7,87,199,1,PILOTO
995,2024,7,87,210,2,PILOTO
996,2024,7,88,211,1,PILOTO
997,2024,7,88,201,2,PILOTO
998,2024,7,89,208,1,PILOTO
999,2024,7,89,202,2,PILOTO
1000,2024,7,90,205,1,PILOTO
1001,2024,7,90,212,2,PILOTO
1002,2024,8,81,186,1,PILOTO
1003,2024,8,81,194,2,PILOTO
1004,2024,8,82,188,1,PILOTO
1005,2024,8,82,206,2,PILOTO
1006,2024,8,83,189,1,PILOTO
1007,2024,8,83,204,2,PILOTO
1008,2024,8,84,209,1,PILOTO
1009,2024,8,84,193,2,PILOTO
1010,2024,8,85,190,1,PILOTO
1011,2024,8,85,195,2,PILOTO
1012,2024,8,86,196,1,PILOTO
1013,2024,8,86,197,2,PILOTO
1014,2024,8,87,199,1,PILOTO
1015,2024,8,87,210,2,PILOTO
1016,2024,8,88,211,1,PILOTO
1017,2024,8,88,201,2,PILOTO
1018,2024,8,89,208,1,PILOTO
1019,2024,8,89,214,2,PILOTO
1020,2024,8,90,205,1,PILOTO
1021,2024,8,90,212,2,PILOTO
1022,2024,9,81,186,1,PILOTO
1023,2024,9,81,194,2,PILOTO
1024,2024,9,82,188,1,PILOTO
1025,2024,9,82,206,2,PILOTO
1026,2024,9,83,202,1,PILOTO
1027,2024,9,83,204,2,PILOTO
1028,2024,9,84,209,1,PILOTO
1029,2024,9,84,193,2,PILOTO
1030,2024,9,85,190,1,PILOTO
1031,2024,9,85,195,2,PILOTO
1032,2024,9,86,196,1,PILOTO
1033,2024,9,86,197,2,PILOTO
1034,2024,9,87,199,1,PILOTO
1035,2024,9,87,210,2,PILOTO
1036,2024,9,88,211,1,PILOTO
1037,2024,9,88,201,2,PILOTO
1038,2024,9,89,208,1,PILOTO
1039,2024,9,89,214,2,PILOTO
1040,2024,9,90,205,1,PILOTO
1041,2024,9,90,212,2,PILOTO
1042,2025,1,92,223,1,PILOTO
1043,2025,1,92,224,2,PILOTO
1044,2025,1,93,217,1,PILOTO
1045,2025,1,93,218,2,PILOTO
1046,2025,1,94,215,1,PILOTO
1047,2025,1,94,216,2,PILOTO
1048,2025,1,95,219,1,PILOTO
1049,2025,1,95,220,2,PILOTO
1050,2025,1,96,227,1,PILOTO
8,2017,1,4,8,2,PILOTO
1051,2025,1,96,228,2,PILOTO
1052,2025,1,97,221,1,PILOTO
1053,2025,1,97,222,2,PILOTO
1054,2025,1,98,229,1,PILOTO
1055,2025,1,98,230,2,PILOTO
1056,2025,1,99,231,1,PILOTO
1057,2025,1,99,232,2,PILOTO
1058,2025,1,100,234,1,PILOTO
1059,2025,1,100,233,2,PILOTO
1060,2025,1,101,226,1,PILOTO
1061,2025,1,101,235,2,PILOTO
1062,2025,2,92,223,1,PILOTO
1063,2025,2,92,224,2,PILOTO
1064,2025,2,93,217,1,PILOTO
1065,2025,2,93,218,2,PILOTO
1066,2025,2,94,232,1,PILOTO
1067,2025,2,94,225,2,PILOTO
1068,2025,2,95,219,1,PILOTO
1069,2025,2,95,220,2,PILOTO
1070,2025,2,96,215,1,PILOTO
1071,2025,2,96,228,2,PILOTO
1072,2025,2,97,221,1,PILOTO
1073,2025,2,97,222,2,PILOTO
1074,2025,2,98,229,1,PILOTO
1075,2025,2,98,230,2,PILOTO
1076,2025,2,99,231,1,PILOTO
1077,2025,2,99,236,2,PILOTO
1078,2025,2,100,234,1,PILOTO
1079,2025,2,100,233,2,PILOTO
1080,2025,2,101,226,1,PILOTO
1081,2025,2,101,235,2,PILOTO
1082,2025,3,92,223,1,PILOTO
1083,2025,3,92,224,2,PILOTO
1084,2025,3,93,217,1,PILOTO
1085,2025,3,93,235,2,PILOTO
1086,2025,3,94,232,1,PILOTO
1087,2025,3,94,225,2,PILOTO
1088,2025,3,95,219,1,PILOTO
1089,2025,3,95,220,2,PILOTO
1090,2025,3,96,215,1,PILOTO
1091,2025,3,96,216,2,PILOTO
1092,2025,3,97,221,1,PILOTO
1093,2025,3,97,222,2,PILOTO
1094,2025,3,98,229,1,PILOTO
1095,2025,3,98,230,2,PILOTO
1096,2025,3,99,231,1,PILOTO
1097,2025,3,99,236,2,PILOTO
1098,2025,3,100,234,1,PILOTO
1099,2025,3,100,233,2,PILOTO
1100,2025,3,101,226,1,PILOTO
1101,2025,3,101,228,2,PILOTO
1102,2025,4,92,223,1,PILOTO
1103,2025,4,92,224,2,PILOTO
1104,2025,4,93,217,1,PILOTO
1105,2025,4,93,235,2,PILOTO
1106,2025,4,94,232,1,PILOTO
1107,2025,4,94,229,2,PILOTO
1108,2025,4,95,219,1,PILOTO
1109,2025,4,95,220,2,PILOTO
1110,2025,4,96,215,1,PILOTO
1111,2025,4,96,216,2,PILOTO
1112,2025,4,97,221,1,PILOTO
1113,2025,4,97,222,2,PILOTO
1114,2025,4,98,226,1,PILOTO
1115,2025,4,98,230,2,PILOTO
1116,2025,4,99,231,1,PILOTO
1117,2025,4,99,236,2,PILOTO
1118,2025,4,100,234,1,PILOTO
1119,2025,4,100,233,2,PILOTO
1120,2025,4,101,237,1,PILOTO
1121,2025,4,101,228,2,PILOTO
1122,2025,5,92,223,1,PILOTO
1123,2025,5,92,224,2,PILOTO
1124,2025,5,93,217,1,PILOTO
1125,2025,5,93,235,2,PILOTO
1126,2025,5,94,232,1,PILOTO
1127,2025,5,94,229,2,PILOTO
1128,2025,5,95,219,1,PILOTO
1129,2025,5,95,220,2,PILOTO
1130,2025,5,96,215,1,PILOTO
1131,2025,5,96,216,2,PILOTO
1132,2025,5,97,221,1,PILOTO
1133,2025,5,97,222,2,PILOTO
9,2017,1,5,9,1,PILOTO
1134,2025,5,98,226,1,PILOTO
1135,2025,5,98,230,2,PILOTO
1136,2025,5,99,231,1,PILOTO
1137,2025,5,99,236,2,PILOTO
1138,2025,5,100,234,1,PILOTO
1139,2025,5,100,233,2,PILOTO
1140,2025,5,101,237,1,PILOTO
1141,2025,5,101,228,2,PILOTO
1142,2025,6,92,223,1,PILOTO
1143,2025,6,92,224,2,PILOTO
1144,2025,6,93,217,1,PILOTO
1145,2025,6,93,235,2,PILOTO
1146,2025,6,94,232,1,PILOTO
1147,2025,6,94,229,2,PILOTO
1148,2025,6,95,219,1,PILOTO
1149,2025,6,95,220,2,PILOTO
1150,2025,6,96,215,1,PILOTO
1151,2025,6,96,216,2,PILOTO
1152,2025,6,97,221,1,PILOTO
1153,2025,6,97,222,2,PILOTO
1154,2025,6,98,226,1,PILOTO
1155,2025,6,98,230,2,PILOTO
1156,2025,6,99,231,1,PILOTO
1157,2025,6,99,238,2,PILOTO
1158,2025,6,100,236,1,PILOTO
1159,2025,6,100,233,2,PILOTO
1160,2025,6,101,237,1,PILOTO
1161,2025,6,101,228,2,PILOTO
11,2017,1,6,11,1,PILOTO
10,2017,1,5,10,2,PILOTO
12,2017,1,6,12,2,PILOTO
457,2019,10,27,53,1,PILOTO
456,2019,10,26,59,2,PILOTO
454,2019,10,25,48,2,PILOTO
453,2019,10,25,54,1,PILOTO
452,2019,10,24,64,2,PILOTO
451,2019,10,24,44,1,PILOTO
13,2017,1,7,13,1,PILOTO
14,2017,1,7,14,2,PILOTO
15,2017,1,8,15,1,PILOTO
16,2017,1,8,21,2,PILOTO
17,2017,1,9,17,1,PILOTO
18,2017,1,9,18,2,PILOTO
19,2017,1,10,19,1,PILOTO
20,2017,1,10,20,2,PILOTO
21,2017,2,1,1,1,PILOTO
22,2017,2,1,2,2,PILOTO
23,2017,2,2,3,1,PILOTO
24,2017,2,2,4,2,PILOTO
25,2017,2,3,5,1,PILOTO
26,2017,2,3,6,2,PILOTO
27,2017,2,4,7,1,PILOTO
28,2017,2,4,8,2,PILOTO
29,2017,2,5,9,1,PILOTO
30,2017,2,6,11,1,PILOTO
32,2017,2,5,10,2,PILOTO
33,2017,2,6,12,2,PILOTO
34,2017,2,7,13,1,PILOTO
35,2017,2,7,14,1,PILOTO
36,2017,2,8,15,1,PILOTO
37,2017,2,8,16,2,PILOTO
38,2017,2,9,17,1,PILOTO
39,2017,2,9,21,2,PILOTO
40,2017,2,10,19,1,PILOTO
41,2017,2,10,20,2,PILOTO
42,2017,3,1,1,1,PILOTO
43,2017,3,1,2,2,PILOTO
44,2017,3,2,3,1,PILOTO
45,2017,3,2,4,2,PILOTO
46,2017,3,3,5,1,PILOTO
47,2017,3,3,6,2,PILOTO
48,2017,3,4,7,1,PILOTO
49,2017,3,4,8,2,PILOTO
50,2017,3,5,9,1,PILOTO
51,2017,3,5,10,2,PILOTO
52,2017,3,6,12,1,PILOTO
53,2017,3,6,21,2,PILOTO
54,2017,3,7,13,1,PILOTO
55,2017,3,7,14,2,PILOTO
56,2017,3,8,15,1,PILOTO
57,2017,3,8,16,2,PILOTO
58,2017,3,9,17,1,PILOTO
59,2017,3,9,18,2,PILOTO
60,2017,3,10,19,1,PILOTO
461,2019,10,29,60,1,PILOTO
460,2019,10,28,63,2,PILOTO
458,2019,10,27,65,2,PILOTO
450,2019,10,23,58,1,PILOTO
449,2019,10,23,43,2,PILOTO
448,2019,10,22,52,2,PILOTO
447,2019,10,22,50,1,PILOTO
446,2019,10,21,55,2,PILOTO
445,2019,10,21,57,1,PILOTO
444,2019,10,30,45,2,PILOTO
443,2019,10,30,49,1,PILOTO
442,2019,10,29,46,2,PILOTO
441,2019,9,29,60,1,PILOTO
440,2019,9,28,61,2,PILOTO
439,2019,9,28,47,1,PILOTO
438,2019,9,27,65,2,PILOTO
437,2019,9,27,53,1,PILOTO
436,2019,9,26,48,2,PILOTO
435,2019,9,26,46,1,PILOTO
434,2019,9,25,59,2,PILOTO
433,2019,9,25,54,1,PILOTO
432,2019,9,24,64,2,PILOTO
431,2019,9,24,55,1,PILOTO
430,2019,9,23,58,1,PILOTO
429,2019,9,23,43,2,PILOTO
428,2019,9,22,52,2,PILOTO
427,2019,9,22,63,1,PILOTO
426,2019,9,21,44,2,PILOTO
425,2019,9,21,57,1,PILOTO
424,2019,9,30,45,2,PILOTO
423,2019,9,30,49,1,PILOTO
422,2019,9,29,50,2,PILOTO
421,2019,8,29,60,1,PILOTO
420,2019,8,28,61,2,PILOTO
419,2019,8,28,47,1,PILOTO
418,2019,8,27,65,2,PILOTO
417,2019,8,27,43,1,PILOTO
416,2019,8,26,48,2,PILOTO
415,2019,8,26,46,1,PILOTO
414,2019,8,25,59,2,PILOTO
413,2019,8,25,54,1,PILOTO
412,2019,8,24,64,2,PILOTO
411,2019,8,24,55,1,PILOTO
410,2019,8,23,53,1,PILOTO
409,2019,8,23,57,2,PILOTO
408,2019,8,22,52,2,PILOTO
407,2019,8,22,63,1,PILOTO
406,2019,8,21,44,2,PILOTO
405,2019,8,21,58,1,PILOTO
404,2019,8,30,45,2,PILOTO
403,2019,8,30,49,1,PILOTO
402,2019,8,29,50,2,PILOTO
401,2019,7,29,60,1,PILOTO
400,2019,7,28,61,2,PILOTO
399,2019,7,28,47,1,PILOTO
398,2019,7,27,65,2,PILOTO
397,2019,7,27,53,1,PILOTO
396,2019,7,26,48,2,PILOTO
395,2019,7,26,46,1,PILOTO
394,2019,7,25,59,2,PILOTO
393,2019,7,25,54,1,PILOTO
392,2019,7,24,64,2,PILOTO
391,2019,7,24,55,1,PILOTO
390,2019,7,23,43,1,PILOTO
389,2019,7,23,52,2,PILOTO
388,2019,7,22,57,2,PILOTO
387,2019,7,22,58,1,PILOTO
386,2019,7,21,44,2,PILOTO
385,2019,7,21,63,1,PILOTO
384,2019,7,30,45,2,PILOTO
383,2019,7,30,49,1,PILOTO
382,2019,7,29,50,2,PILOTO
381,2019,6,29,60,1,PILOTO
380,2019,6,28,61,2,PILOTO
379,2019,6,28,47,1,PILOTO
378,2019,6,27,65,2,PILOTO
377,2019,6,27,53,1,PILOTO
376,2019,6,26,48,2,PILOTO
375,2019,6,26,46,1,PILOTO
374,2019,6,25,52,2,PILOTO
373,2019,6,25,54,1,PILOTO
372,2019,6,24,64,2,PILOTO
371,2019,6,24,55,1,PILOTO
370,2019,6,23,43,1,PILOTO
369,2019,6,23,57,2,PILOTO
368,2019,6,22,51,2,PILOTO
367,2019,6,22,58,1,PILOTO
366,2019,6,21,44,2,PILOTO
365,2019,6,21,63,1,PILOTO
364,2019,6,30,45,2,PILOTO
363,2019,6,30,49,1,PILOTO
362,2019,6,29,50,2,PILOTO
361,2019,5,29,65,1,PILOTO
360,2019,5,28,61,2,PILOTO
359,2019,5,28,47,1,PILOTO
358,2019,5,27,54,2,PILOTO
357,2019,5,27,53,1,PILOTO
356,2019,5,26,48,2,PILOTO
355,2019,5,26,46,1,PILOTO
354,2019,5,25,52,2,PILOTO
353,2019,5,25,43,1,PILOTO
352,2019,5,24,64,2,PILOTO
351,2019,5,24,59,1,PILOTO
350,2019,5,23,55,1,PILOTO
349,2019,5,23,63,2,PILOTO
348,2019,5,22,51,2,PILOTO
347,2019,5,22,58,1,PILOTO
346,2019,5,21,44,2,PILOTO
345,2019,5,21,57,1,PILOTO
344,2019,5,30,45,2,PILOTO
343,2019,5,30,49,1,PILOTO
342,2019,5,29,50,2,PILOTO
341,2019,4,29,65,1,PILOTO
340,2019,4,28,61,2,PILOTO
339,2019,4,28,47,1,PILOTO
338,2019,4,27,54,2,PILOTO
337,2019,4,27,53,1,PILOTO
336,2019,4,26,48,2,PILOTO
335,2019,4,26,50,1,PILOTO
334,2019,4,25,52,2,PILOTO
333,2019,4,25,43,1,PILOTO
332,2019,4,24,64,2,PILOTO
331,2019,4,24,59,1,PILOTO
330,2019,4,23,45,1,PILOTO
329,2019,4,23,63,2,PILOTO
328,2019,4,22,51,2,PILOTO
327,2019,4,22,58,1,PILOTO
326,2019,4,21,44,2,PILOTO
325,2019,4,21,57,1,PILOTO
324,2019,4,30,55,2,PILOTO
323,2019,4,30,49,1,PILOTO
322,2019,4,29,46,2,PILOTO
321,2019,3,29,65,1,PILOTO
320,2019,3,28,61,2,PILOTO
319,2019,3,28,47,1,PILOTO
318,2019,3,27,54,2,PILOTO
317,2019,3,27,53,1,PILOTO
316,2019,3,26,60,2,PILOTO
315,2019,3,26,50,1,PILOTO
314,2019,3,25,52,2,PILOTO
313,2019,3,25,43,1,PILOTO
312,2019,3,24,64,2,PILOTO
311,2019,3,24,59,1,PILOTO
310,2019,3,23,45,1,PILOTO
309,2019,3,23,63,2,PILOTO
308,2019,3,22,51,2,PILOTO
307,2019,3,22,48,1,PILOTO
306,2019,3,21,44,2,PILOTO
305,2019,3,21,57,1,PILOTO
304,2019,3,30,55,2,PILOTO
303,2019,3,30,49,1,PILOTO
302,2019,3,29,46,2,PILOTO
301,2019,2,29,65,1,PILOTO
300,2019,2,28,61,2,PILOTO
299,2019,2,28,47,1,PILOTO
298,2019,2,27,54,2,PILOTO
297,2019,2,27,53,1,PILOTO
296,2019,2,26,60,2,PILOTO
295,2019,2,26,50,1,PILOTO
294,2019,2,25,52,2,PILOTO
293,2019,2,25,51,1,PILOTO
292,2019,2,24,64,2,PILOTO
291,2019,2,24,59,1,PILOTO
290,2019,2,23,45,1,PILOTO
289,2019,2,23,63,2,PILOTO
288,2019,2,22,46,2,PILOTO
287,2019,2,22,48,1,PILOTO
286,2019,2,21,44,2,PILOTO
285,2019,2,21,43,1,PILOTO
284,2019,2,30,55,2,PILOTO
283,2019,2,30,49,1,PILOTO
282,2019,2,29,58,2,PILOTO
281,2019,1,30,64,2,PILOTO
280,2019,1,30,62,1,PILOTO
279,2019,1,29,58,2,PILOTO
278,2019,1,29,65,1,PILOTO
277,2019,1,28,63,2,PILOTO
276,2019,1,28,55,1,PILOTO
275,2019,1,27,54,2,PILOTO
274,2019,1,27,53,1,PILOTO
273,2019,1,26,60,2,PILOTO
272,2019,1,26,50,1,PILOTO
271,2019,1,25,52,2,PILOTO
270,2019,1,25,51,1,PILOTO
269,2019,1,24,59,2,PILOTO
268,2019,1,24,49,1,PILOTO
267,2019,1,23,45,2,PILOTO
266,2019,1,23,47,1,PILOTO
265,2019,1,22,46,2,PILOTO
264,2019,1,22,48,1,PILOTO
263,2019,1,21,44,2,PILOTO
262,2019,1,21,43,1,PILOTO
261,2018,9,20,41,2,PILOTO
260,2018,9,20,40,1,PILOTO
259,2018,9,19,39,2,PILOTO
258,2018,9,19,38,1,PILOTO
257,2018,9,18,37,2,PILOTO
256,2018,9,18,36,1,PILOTO
255,2018,9,17,35,2,PILOTO
254,2018,9,17,34,1,PILOTO
253,2018,9,16,33,2,PILOTO
252,2018,9,16,32,1,PILOTO
251,2018,9,15,31,2,PILOTO
250,2018,9,15,30,1,PILOTO
249,2018,9,14,29,2,PILOTO
248,2018,9,14,28,1,PILOTO
247,2018,9,13,27,2,PILOTO
246,2018,9,13,26,1,PILOTO
245,2018,9,12,25,2,PILOTO
244,2018,9,12,42,1,PILOTO
243,2018,9,11,23,2,PILOTO
242,2018,9,11,22,1,PILOTO
241,2018,8,20,41,2,PILOTO
240,2018,8,20,40,1,PILOTO
239,2018,8,19,39,2,PILOTO
238,2018,8,19,38,1,PILOTO
237,2018,8,18,37,2,PILOTO
236,2018,8,18,36,1,PILOTO
235,2018,8,17,35,2,PILOTO
234,2018,8,17,34,1,PILOTO
233,2018,8,16,33,2,PILOTO
232,2018,8,16,32,1,PILOTO
231,2018,8,15,31,2,PILOTO
230,2018,8,15,30,1,PILOTO
229,2018,8,14,29,2,PILOTO
228,2018,8,14,28,1,PILOTO
227,2018,8,13,27,2,PILOTO
226,2018,8,13,26,1,PILOTO
225,2018,8,12,25,2,PILOTO
224,2018,8,12,42,1,PILOTO
223,2018,8,11,23,2,PILOTO
222,2018,8,11,22,1,PILOTO
221,2018,7,20,41,2,PILOTO
220,2018,7,20,40,1,PILOTO
219,2018,7,19,39,2,PILOTO
218,2018,7,19,38,1,PILOTO
217,2018,7,18,37,2,PILOTO
216,2018,7,18,36,1,PILOTO
215,2018,7,17,35,2,PILOTO
214,2018,7,17,34,1,PILOTO
213,2018,7,16,33,2,PILOTO
212,2018,7,16,32,1,PILOTO
211,2018,7,15,31,2,PILOTO
210,2018,7,15,30,1,PILOTO
209,2018,7,14,29,2,PILOTO
208,2018,7,14,28,1,PILOTO
207,2018,7,13,27,2,PILOTO
206,2018,7,13,26,1,PILOTO
205,2018,7,12,25,2,PILOTO
204,2018,7,12,42,1,PILOTO
203,2018,7,11,23,2,PILOTO
202,2018,7,11,22,1,PILOTO
201,2018,6,20,41,2,PILOTO
200,2018,6,20,40,1,PILOTO
199,2018,6,19,39,2,PILOTO
198,2018,6,19,38,1,PILOTO
197,2018,6,18,37,2,PILOTO
196,2018,6,18,36,1,PILOTO
195,2018,6,17,35,2,PILOTO
194,2018,6,17,34,1,PILOTO
193,2018,6,16,33,2,PILOTO
192,2018,6,16,32,1,PILOTO
191,2018,6,15,31,2,PILOTO
190,2018,6,15,30,1,PILOTO
189,2018,6,14,29,2,PILOTO
188,2018,6,14,28,1,PILOTO
187,2018,6,13,27,2,PILOTO
186,2018,6,13,26,1,PILOTO
185,2018,6,12,25,2,PILOTO
184,2018,6,12,42,1,PILOTO
183,2018,6,11,23,2,PILOTO
182,2018,6,11,22,1,PILOTO
181,2018,5,20,41,2,PILOTO
180,2018,5,20,40,1,PILOTO
179,2018,5,19,39,2,PILOTO
178,2018,5,19,38,1,PILOTO
177,2018,5,18,37,2,PILOTO
176,2018,5,18,36,1,PILOTO
175,2018,5,17,35,2,PILOTO
174,2018,5,17,34,1,PILOTO
173,2018,5,16,33,2,PILOTO
172,2018,5,16,32,1,PILOTO
171,2018,5,15,31,2,PILOTO
170,2018,5,15,30,1,PILOTO
169,2018,5,14,29,2,PILOTO
168,2018,5,14,28,1,PILOTO
167,2018,5,13,27,2,PILOTO
166,2018,5,13,42,1,PILOTO
165,2018,5,12,25,2,PILOTO
164,2018,5,12,24,1,PILOTO
163,2018,5,11,23,2,PILOTO
162,2018,5,11,22,1,PILOTO
161,2018,4,20,41,2,PILOTO
160,2018,4,20,40,1,PILOTO
159,2018,4,19,39,2,PILOTO
158,2018,4,19,38,1,PILOTO
157,2018,4,18,37,2,PILOTO
156,2018,4,18,36,1,PILOTO
155,2018,4,17,35,2,PILOTO
154,2018,4,17,34,1,PILOTO
153,2018,4,16,33,2,PILOTO
152,2018,4,16,32,1,PILOTO
151,2018,4,15,31,2,PILOTO
150,2018,4,15,30,1,PILOTO
149,2018,4,14,29,2,PILOTO
148,2018,4,14,28,1,PILOTO
147,2018,4,13,27,2,PILOTO
146,2018,4,13,42,1,PILOTO
145,2018,4,12,25,2,PILOTO
144,2018,4,12,24,1,PILOTO
143,2018,4,11,23,2,PILOTO
142,2018,4,11,22,1,PILOTO
141,2018,3,20,41,2,PILOTO
140,2018,3,20,40,1,PILOTO
139,2018,3,19,39,2,PILOTO
138,2018,3,19,38,1,PILOTO
137,2018,3,18,37,2,PILOTO
136,2018,3,18,36,1,PILOTO
135,2018,3,17,35,2,PILOTO
134,2018,3,17,34,1,PILOTO
133,2018,3,16,33,2,PILOTO
132,2018,3,16,32,1,PILOTO
131,2018,3,15,31,2,PILOTO
130,2018,3,15,30,1,PILOTO
129,2018,3,14,29,2,PILOTO
128,2018,3,14,28,1,PILOTO
127,2018,3,13,27,2,PILOTO
126,2018,3,13,42,1,PILOTO
125,2018,3,12,25,2,PILOTO
124,2018,3,12,24,1,PILOTO
123,2018,3,11,23,2,PILOTO
122,2018,3,11,22,1,PILOTO
121,2018,2,20,41,2,PILOTO
120,2018,2,20,40,1,PILOTO
119,2018,2,19,39,2,PILOTO
118,2018,2,19,38,1,PILOTO
117,2018,2,18,37,2,PILOTO
116,2018,2,18,36,1,PILOTO
115,2018,2,17,35,2,PILOTO
114,2018,2,17,34,1,PILOTO
113,2018,2,16,33,2,PILOTO
112,2018,2,16,32,1,PILOTO
111,2018,2,15,31,2,PILOTO
110,2018,2,15,30,1,PILOTO
109,2018,2,14,29,2,PILOTO
108,2018,2,14,28,1,PILOTO
107,2018,2,13,27,2,PILOTO
106,2018,2,13,42,1,PILOTO
105,2018,2,12,25,2,PILOTO
104,2018,2,12,24,1,PILOTO
103,2018,2,11,23,2,PILOTO
102,2018,2,11,22,1,PILOTO
101,2018,1,20,41,2,PILOTO
100,2018,1,20,40,1,PILOTO
99,2018,1,19,39,2,PILOTO
98,2018,1,19,38,1,PILOTO
97,2018,1,18,37,2,PILOTO
96,2018,1,18,36,1,PILOTO
95,2018,1,17,35,2,PILOTO
94,2018,1,17,34,1,PILOTO
93,2018,1,16,33,2,PILOTO
92,2018,1,16,32,1,PILOTO
91,2018,1,15,31,2,PILOTO
90,2018,1,15,30,1,PILOTO
89,2018,1,14,29,2,PILOTO
88,2018,1,14,28,1,PILOTO
87,2018,1,13,27,2,PILOTO
86,2018,1,13,42,1,PILOTO
85,2018,1,12,25,2,PILOTO
84,2018,1,12,24,1,PILOTO
83,2018,1,11,23,2,PILOTO
82,2018,1,11,22,1,PILOTO
81,2017,4,10,20,2,PILOTO
80,2017,4,10,19,1,PILOTO
79,2017,4,9,18,2,PILOTO
78,2017,4,9,17,1,PILOTO
77,2017,4,8,16,2,PILOTO
76,2017,4,8,15,1,PILOTO
75,2017,4,7,14,2,PILOTO
74,2017,4,7,13,1,PILOTO
73,2017,4,6,12,2,PILOTO
72,2017,4,6,11,1,PILOTO
71,2017,4,5,10,2,PILOTO
70,2017,4,5,9,1,PILOTO
69,2017,4,4,21,2,PILOTO
68,2017,4,4,7,1,PILOTO
67,2017,4,3,6,2,PILOTO
66,2017,4,3,5,1,PILOTO
65,2017,4,2,4,2,PILOTO
64,2017,4,2,3,1,PILOTO
63,2017,4,1,2,2,PILOTO
62,2017,4,1,1,1,PILOTO
61,2017,3,10,20,2,PILOTO
